nf_value,count,tier,matched_canonical,brand,lev
GOVERNMENT EMPLOYEES INSURANCE COMPANY,50728,exact,Government Employees Insurance Company,,0
STATE FARM MUTUAL AUTOMOBILE INSURANCE COMPANY,31633,exact,State Farm Mutual Automobile Insurance Company,,0
ALLSTATE INSURANCE COMPANY,22923,exact,Allstate Insurance Company,,0
PROGRESSIVE CASUALTY INSURANCE COMPANY,18944,exact,Progressive Casualty Insurance Company,,0
LIBERTY MUTUAL INSURANCE COMPANY,11612,exact,Liberty Mutual Insurance Company,,0
AMERICAN TRANSIT INSURANCE COMPANY,7360,exact,American Transit Insurance Company,,0
NATIONWIDE PROPERTY AND CASUALTY INSURANCE COMPANY,3792,exact,Nationwide Property and Casualty Insurance Company,,0
SAFECO NATIONAL INSURANCE COMPANY,2685,exact,Safeco National Insurance Company,,0
Liberty Mutual Insurance Company,2590,exact,Liberty Mutual Insurance Company,,0
INTEGON NATIONAL INSURANCE COMPANY,2538,exact,Integon National Insurance Company,,0
HEREFORD INSURANCE COMPANY,2440,exact,Hereford Insurance Company,,0
ESURANCE INSURANCE COMPANY,2371,exact,Esurance Insurance Company,,0
INTEGON CASUALTY INSURANCE COMPANY,1836,exact,Integon Casualty Insurance Company,,0
ELRAC INC D/B/A ENTERPRISE RENT A CAR,1592,exact,"Elrac, Inc. d/b/a Enterprise Rent a Car",,0
TRAVELERS PROPERTY CASUALTY INSURANCE COMPANY,1537,exact,Travelers Property Casualty Insurance Company,,0
USAA CASUALTY INSURANCE COMPANY,1438,exact,USAA Casualty Insurance Company,,0
NATIONAL GENERAL INSURANCE COMPANY,1411,exact,National General Insurance Company,,0
HARTFORD ACCIDENT AND INDEMNITY COMPANY,1160,exact,Hartford Accident and Indemnity Company,,0
NATIONAL GENERAL ASSURANCE COMPANY,1078,exact,National General Assurance Company,,0
NEW YORK CENTRAL MUTUAL FIRE INSURANCE COMPANY,942,exact,New York Central Mutual Fire Insurance Company,,0
ERIE INSURANCE COMPANY,759,exact,Erie Insurance Company,,0
ALLSTATE FIRE AND CASUALTY INSURANCE COMPANY,757,exact,Allstate Fire and Casualty Insurance Company,,0
FARMERS NEW CENTURY INSURANCE COMPANY,676,exact,Farmers New Century Insurance Company,,0
PLYMOUTH ROCK ASSURANCE PREFERRED CORPORATION,662,exact,Plymouth Rock Assurance Preferred Corporation,,0
AFFIRMATIVE DIRECT INSURANCE COMPANY,624,exact,Affirmative Direct Insurance Company,,0
21ST CENTURY CENTENNIAL INSURANCE COMPANY,585,exact,21st Century Centennial Insurance Company,,0
UTICA MUTUAL INSURANCE COMPANY,540,exact,Utica Mutual Insurance Company,,0
LIBERTY MUTUAL FIRE INSURANCE COMPANY,532,exact,Liberty Mutual Fire Insurance Company,,0
NEW YORK CITY TRANSIT AUTHORITY,514,exact,New York City Transit Authority,,0
NYC TRANSIT AUTHORITY,511,exact,NYC Transit Authority,,0
KEMPER INDEPENDENCE INSURANCE COMPANY,497,exact,Kemper Independence Insurance Company,,0
LM GENERAL INSURANCE COMPANY,467,exact,LM General Insurance Company,,0
MAYA ASSURANCE COMPANY,419,exact,Maya Assurance Company,,0
COUNTRY-WIDE INSURANCE COMPANY,360,exact,Country-Wide Insurance Company,,0
ENCOMPASS PROPERTY AND CASUALTY COMPANY,359,exact,Encompass Property and Casualty Company,,0
AMERICAN STATES INSURANCE COMPANY,337,exact,American States Insurance Company,,0
STATE FARM FIRE AND CASUALTY COMPANY,329,exact,State Farm Fire and Casualty Company,,0
PLYMOUTH ROCK ASSURANCE CORPORATION OF NEW YORK,315,exact,Plymouth Rock Assurance Corporation of New York,,0
FOREMOST PROPERTY AND CASUALTY INSURANCE COMPANY,295,exact,Foremost Property and Casualty Insurance Company,,0
HANOVER INSURANCE COMPANY,280,exact,Hanover Insurance Company,,0
USAA GENERAL INDEMNITY COMPANY,257,exact,USAA General Indemnity Company,,0
ACCIDENT FUND INSURANCE COMPANY OF AMERICA,245,exact,Accident Fund Insurance Company of America,,0
HARTFORD INSURANCE COMPANY,240,exact,Hartford Insurance Company,,0
MERCURY CASUALTY COMPANY,226,exact,Mercury Casualty Company,,0
CLEAR BLUE INSURANCE COMPANY,215,exact,Clear Blue Insurance Company,,0
New York Marine & General Insurance Company,215,exact,New York Marine and General Insurance Company,,0
PROGRESSIVE ADVANCED INSURANCE COMPANY,205,exact,Progressive Advanced Insurance Company,,0
NATIONAL LIABILITY & FIRE INSURANCE COMPANY,178,exact,National Liability & Fire Insurance Company,,0
MOTOR VEHICLE ACCIDENT INDEMNIFICATION CORPORATION,161,exact,Motor Vehicle Accident Indemnification Corporation,,0
FARM FAMILY CASUALTY INSURANCE COMPANY,161,exact,Farm Family Casualty Insurance Company,,0
"New YORK CENTRAL MUTUAL FIRE INSURANCE COMPANY,",158,exact,New York Central Mutual Fire Insurance Company,,0
MERCHANTS MUTUAL INSURANCE COMPANY,152,exact,Merchants Mutual Insurance Company,,0
PALISADES INSURANCE COMPANY,143,exact,Palisades Insurance Company,,0
ERIE INSURANCE COMPANY OF NEW YORK,137,exact,Erie Insurance Company of New York,,0
OLD REPUBLIC INSURANCE COMPANY,127,exact,Old Republic Insurance Company,,0
MTA BUS COMPANY,127,exact,MTA Bus Company,,0
ACE PROPERTY AND CASUALTY INSURANCE COMPANY,127,exact,ACE Property and Casualty Insurance Company,,0
MID CENTURY INSURANCE COMPANY,123,exact,Mid-Century Insurance Company,,0
ZURICH AMERICAN INSURANCE COMPANY,122,exact,Zurich American Insurance Company,,0
ENCOMPASS HOME AND AUTO INSURANCE COMPANY,120,exact,Encompass Home and Auto Insurance Company,,0
21ST CENTURY INSURANCE COMPANY,118,exact,21st Century Insurance Company,,0
NEW SOUTH INSURANCE COMPANY,101,exact,New South Insurance Company,,0
EMPIRE FIRE AND MARINE INSURANCE COMPANY,99,exact,Empire Fire and Marine Insurance Company,,0
NEW YORK STATE INSURANCE FUND,98,exact,New York State Insurance Fund,,0
"United Financial Casualty Company,",95,exact,United Financial Casualty Company,,0
NATIONWIDE AFFINITY INSURANCE COMPANY OF AMERICA,91,exact,Nationwide Affinity Insurance Company of America,,0
GEICO GENERAL INSURANCE COMPANY,90,exact,GEICO General Insurance Company,,0
FOREMOST INSURANCE COMPANY,79,exact,Foremost Insurance Company,,0
PROGRESSIVE MAX INSURANCE COMPANY,79,exact,Progressive Max Insurance Company,,0
ESIS INSURANCE COMPANY,79,exact,ESIS Insurance Company,,0
AMERICAN FAMILY CONNECT INSURANCE COMPANY,76,exact,American Family Connect Insurance Company,,0
UNITED FARM FAMILY INSURANCE COMPANY,75,exact,United Farm Family Insurance Company,,0
"SAFECO NATIONAL INSURANCE COMPANY,",70,exact,Safeco National Insurance Company,,0
AMICA PROPERTY AND CASUALTY INSURANCE COMPANY,67,exact,Amica Property and Casualty Insurance Company,,0
CITY OF NEW YORK OFFICE OF COMPTROLLER,64,exact,The City of New York Office of The Comptroller,,0
NATIONWIDE GENERAL INSURANCE COMPANY,64,exact,Nationwide General Insurance Company,,0
Integon National Insurance Company,64,exact,Integon National Insurance Company,,0
UNITRIN SAFEGUARD INSURANCE COMPANY,62,exact,Unitrin Safeguard Insurance Company,,0
TRAVELERS PERSONAL INSURANCE COMPANY,61,exact,Travelers Personal Insurance Company,,0
21st Century North America Insurance Company,59,exact,21st Century North America Insurance Company,,0
COUNTRYWAY INSURANCE COMPANY,58,exact,Countryway Insurance Company,,0
Esurance Property and Casualty Insurance Company,56,exact,Esurance Property and Casualty Insurance Company,,0
PROGRESSIVE SPECIALTY INSURANCE COMPANY,55,exact,Progressive Specialty Insurance Company,,0
LANCER INSURANCE COMPANY,54,exact,Lancer Insurance Company,,0
ALLSTATE PROPERTY AND CASUALTY INSURANCE COMPANY,53,exact,Allstate Property and Casualty Insurance Company,,0
GARRISON PROPERTY & CASUALTY INSURANCE COMPANY,52,exact,Garrison Property and Casualty Insurance Company,,0
MAPFRE INSURANCE COMPANY,51,exact,Mapfre Insurance Company,,0
THE STANDARD FIRE INSURANCE COMPANY,50,exact,Standard Fire Insurance Company,,0
ESSENTIA INSURANCE COMPANY,50,exact,Essentia Insurance Company,,0
"NATIONAL GENERAL INSURANCE ONLINE, INC.",47,exact,"National General Insurance Online, Inc.",,0
SAFECO INSURANCE COMPANY OF AMERICA,47,exact,SAFECO Insurance Company of America,,0
"STILLWATER PROPERTY AND CASUALTY INSURANCE COMPANY,",47,exact,Stillwater Property and Casualty Insurance Company,,0
STANDARD FIRE INSURANCE COMPANY,45,exact,Standard Fire Insurance Company,,0
"MAYA ASSURANCE COMPANY,",45,exact,Maya Assurance Company,,0
ACE AMERICAN INSURANCE COMPANY,44,exact,ACE American Insurance Company,,0
SEDGWICK CLAIMS,43,exact,Sedgwick Claims,,0
FARMERS GROUP PROPERTY AND CASUALTY INSURANCE COMPANY,42,exact,Farmers Group Property and Casualty Insurance Company,,0
METROPOLITAN GENERAL INSURANCE COMPANY,40,exact,Metropolitan General Insurance Company,,0
NATIONWIDE MUTUAL INSURANCE COMPANY,39,exact,Nationwide Mutual Insurance Company,,0
Zurich American Insurance Company,39,exact,Zurich American Insurance Company,,0
AMICA MUTUAL INSURANCE COMPANY,38,exact,Amica Mutual Insurance Company,,0
ALLSTATE INDEMNITY COMPANY,37,exact,Allstate Indemnity Company,,0
MICHIGAN MILLERS MUTUAL INSURANCE COMPANY,36,exact,Michigan Millers Mutual Insurance Company,,0
Permanent General Assurance Corporation,36,exact,Permanent General Assurance Corporation,,0
Sentry Casualty Company,35,exact,Sentry Casualty Company,,0
REPWEST INSURANCE COMPANY,33,exact,Repwest Insurance Company,,0
DAIRYLAND INSURANCE COMPANY,32,exact,Dairyland Insurance Company,,0
Greenwich Insurance Company,31,exact,Greenwich Insurance Company,,0
INFINITY INSURANCE COMPANY,31,exact,Infinity Insurance Company,,0
THE CITY OF NEW YORK OFFICE OF THE COMPTROLLER,31,exact,The City of New York Office of The Comptroller,,0
New South Insurance Company,30,exact,New South Insurance Company,,0
PERMANENT GENERAL ASSURANCE CORPORATION,29,exact,Permanent General Assurance Corporation,,0
UNITED SERVICES AUTOMOBILE ASSOCIATION,29,exact,United Services Automobile Association,,0
PREFERRED MUTUAL INSURANCE COMPANY,28,exact,Preferred Mutual Insurance Company,,0
Mitsui Sumitomo Insurance Company of America,28,exact,Mitsui Sumitomo Insurance Company of America,,0
STATE NATIONAL INSURANCE COMPANY,27,exact,"State National Insurance Company, Inc.",,0
NEW JERSEY MANUFACTURERS INSURANCE COMPANY,27,exact,New Jersey Manufacturers Insurance Company,,0
MID-CENTURY INSURANCE COMPANY,27,exact,Mid-Century Insurance Company,,0
BROADSPIRE INSURANCE COMPANY,26,exact,Broadspire Insurance Company,,0
AIG PROPERTY CASUALTY COMPANY,25,exact,AIG Property Casualty Company,,0
PHILADELPHIA INDEMNITY INSURANCE COMPANY,25,exact,Philadelphia Indemnity Insurance Company,,0
THE HARTFORD INSURANCE COMPANY,24,exact,Hartford Insurance Company,,0
Mid-Century Insurance Company,24,exact,Mid-Century Insurance Company,,0
Stillwater Property and Casualty Insurance Company,23,exact,Stillwater Property and Casualty Insurance Company,,0
TRAVELERS PERSONAL SECURITY INSURANCE COMPANY,22,exact,Travelers Personal Security Insurance Company,,0
PROTECTIVE INSURANCE COMPANY,21,exact,Protective Insurance Company,,0
GALLAGHER BASSETT,21,exact,Gallagher Bassett,,0
HARTFORD UNDERWRITERS INSURANCE COMPANY,20,exact,Hartford Underwriters Insurance Company,,0
Ocean Harbor Casualty Insurance Company,20,exact,Ocean Harbor Casualty Insurance Company,,0
Main Street America Assurance Company,19,exact,Main Street America Assurance Company,,0
AMGUARD INSURANCE COMPANY,18,exact,AmGUARD Insurance Company,,0
NATIONAL INDEMNITY COMPANY,18,exact,National Indemnity Company,,0
NEW YORK MUNICIPAL INSURANCE RECIPROCAL,18,exact,New York Municipal Insurance Reciprocal,,0
FOREMOST SIGNATURE INSURANCE COMPANY,17,exact,Foremost Signature Insurance Company,,0
NATIONWIDE INSURANCE COMPANY OF AMERICA,16,exact,Nationwide Insurance Company of America,,0
A. CENTRAL INSURANCE COMPANY,16,exact,A. Central Insurance Company,,0
CORVEL CORPORATION,16,exact,Corvel Corporation,,0
Foremost Property and Casualty Insurance Company,16,exact,Foremost Property and Casualty Insurance Company,,0
SUFFOLK COUNTY RISK MANAGEMENT,15,exact,Suffolk County Risk Management,,0
CSAA GENERAL INSURANCE COMPANY,15,exact,CSAA General Insurance Company,,0
"Michigan Millers Mutual Insurance Company,",15,exact,Michigan Millers Mutual Insurance Company,,0
"Integon National Insurance Company,",15,exact,Integon National Insurance Company,,0
AMERICAN FAMILY HOME INSURANCE COMPANY,14,exact,American Family Home Insurance Company,,0
Starr Indemnity & Liability Company,14,exact,Starr Indemnity & Liability Company,,0
INTEGON GENERAL INSURANCE CORPORATION,13,exact,Integon General Insurance Corporation,,0
PROGRESSIVE NORTHWESTERN INSURANCE COMPANY,13,exact,Progressive Northwestern Insurance Company,,0
INTEGON INDEMNITY CORPORATION,13,exact,Integon Indemnity Corporation,,0
LIBERTY INSURANCE CORPORATION,13,exact,Liberty Insurance Corporation,,0
LM INSURANCE CORPORATION,12,exact,LM Insurance Corporation,,0
BLACK CAR FUND,12,exact,Black Car Fund,,0
COMMERCE INSURANCE COMPANY,12,exact,Commerce Insurance Company,,0
"Ace Property And Casualty Insurance Company,",12,exact,ACE Property and Casualty Insurance Company,,0
American Automobile Insurance Company,12,exact,American Automobile Insurance Company,,0
St. Paul Protective Insurance Company,12,exact,St. Paul Protective Insurance Company,,0
NATIONAL CONTINENTAL INSURANCE COMPANY,11,exact,National Continental Insurance Company,,0
GEICO CASUALTY COMPANY,11,exact,GEICO Casualty Company,,0
THE TRAVELERS HOME AND MARINE INSURANCE COMPANY,11,exact,Travelers Home and Marine Insurance Company,,0
CENTRAL INSURANCE COMPANY,11,exact,Central Insurance Company,,0
TRAVELERS INDEMNITY COMPANY OF AMERICA,11,exact,Travelers Indemnity Company of America,,0
Progressive Direct Insurance Company,10,exact,Progressive Direct Insurance Company,,0
CHARTER OAK FIRE INSURANCE COMPANY,10,exact,Charter Oak Fire Insurance Company,,0
CINCINNATI INSURANCE COMPANY,10,exact,Cincinnati Insurance Company,,0
HELMSMAN MANAGEMENT SERVICES,9,exact,Helmsman Management Services,,0
CCMSI,9,exact,"CCMSI, Inc.",,0
ECONOMY PREMIER ASSURANCE COMPANY,9,exact,Economy Premier Assurance Company,,0
"AVIS RENT A CAR,",9,exact,Avis Rent a Car,,0
TRAVELERS PROPERTY CASUALTY COMPANY OF AMERICA,8,exact,Travelers Property Casualty Company of America,,0
NATIONAL INTERSTATE INSURANCE COMPANY,8,exact,National Interstate Insurance Company,,0
HARTFORD CASUALTY INSURANCE COMPANY,8,exact,Hartford Casualty Insurance Company,,0
AMERICAN ZURICH INSURANCE COMPANY,8,exact,American Zurich Insurance Company,,0
UNITED FINANCIAL CASUALTY COMPANY,8,exact,United Financial Casualty Company,,0
"State National Insurance Company, Inc.",8,exact,"State National Insurance Company, Inc.",,0
ARCH INSURANCE COMPANY,7,exact,Arch Insurance Company,,0
AMERISURE INSURANCE COMPANY,7,exact,Amerisure Insurance Company,,0
MIDVALE INDEMNITY COMPANY,7,exact,Midvale Indemnity Company,,0
CHUBB INDEMNITY INSURANCE COMPANY,6,exact,Chubb Indemnity Insurance Company,,0
"ARBELLA PROTECTION INSURANCE COMPANY, INC.",6,exact,"Arbella Protection Insurance Company, Inc.",,0
SENTRY SELECT INSURANCE COMPANY,6,exact,Sentry Select Insurance Company,,0
HARTFORD FIRE INSURANCE COMPANY,6,exact,Hartford Fire Insurance Company,,0
GREAT AMERICAN ALLIANCE INSURANCE COMPANY,6,exact,Great American Alliance Insurance Company,,0
ALLSTATE PROPERTY & CASUALTY INSURANCE COMPANY,6,exact,Allstate Property and Casualty Insurance Company,,0
TRITON INSURANCE COMPANY,6,exact,Triton Insurance Company,,0
CRUM AND FORSTER INSURANCE COMPANY,5,exact,Crum and Forster Insurance Company,,0
TRAVELERS CASUALTY COMPANY OF CONNECTICUT,5,exact,Travelers Casualty Company of Connecticut,,0
INFINITY AUTO INSURANCE COMPANY,5,exact,Infinity Auto Insurance Company,,0
STILLWATER INSURANCE COMPANY,5,exact,Stillwater Insurance Company,,0
ERIE INSURANCE EXCHANGE,5,exact,Erie Insurance Exchange,,0
American Family Connect Property and Casualty Insurance Company,5,exact,American Family Connect Property and Casualty Insurance Company,,0
SELECTIVE INSURANCE COMPANY OF AMERICA,5,exact,Selective Insurance Company of America,,0
GENERAL INSURANCE COMPANY OF AMERICA,4,exact,General Insurance Company of America,,0
NORGUARD INSURANCE COMPANY,4,exact,NorGUARD Insurance Company,,0
UTICA NATIONAL INSURANCE COMPANY OF TEXAS,4,exact,Utica National Insurance Company of Texas,,0
AMERICAN ECONOMY INSURANCE COMPANY,4,exact,American Economy Insurance Company,,0
THE TRAVELERS INDEMNITY COMPANY,4,exact,Travelers Indemnity Company,,0
AXIS INSURANCE COMPANY,4,exact,AXIS Insurance Company,,0
"Metropolitan General Insurance Company,",4,exact,Metropolitan General Insurance Company,,0
State National Insurance Company,4,exact,"State National Insurance Company, Inc.",,0
Protective Insurance Company,4,exact,Protective Insurance Company,,0
CSAA Fire & Casualty Insurance Company,4,exact,CSAA Fire & Casualty Insurance Company,,0
Continental Casualty Company,4,exact,Continental Casualty Company,,0
Safety National Casualty Corporation,4,exact,Safety National Casualty Corporation,,0
21ST CENTURY NORTH AMERICA INSURANCE COMPANY,3,exact,21st Century North America Insurance Company,,0
NGM INSURANCE COMPANY,3,exact,NGM Insurance Company,,0
HARLEYSVILLE INSURANCE COMPANY,3,exact,Harleysville Insurance Company,,0
WAUSAU UNDERWRITERS INSURANCE COMPANY,3,exact,Wausau Underwriters Insurance Company,,0
MERCHANTS PREFERRED INSURANCE COMPANY,3,exact,Merchants Preferred Insurance Company,,0
CONTINENTAL INSURANCE COMPANY,3,exact,Continental Insurance Company,,0
ARCH INDEMNITY INSURANCE COMPANY,3,exact,Arch Indemnity Insurance Company,,0
GEICO INDEMNITY COMPANY,3,exact,GEICO Indemnity Company,,0
FOUNDERS INSURANCE COMPANY,3,exact,Founders Insurance Company,,0
SENTRY INSURANCE COMPANY,3,exact,Sentry Insurance Company,,0
Clear Spring Property and Casualty Company,3,exact,Clear Spring Property and Casualty Company,,0
MAIN STREET AMERICA ASSURANCE COMPANY,3,exact,Main Street America Assurance Company,,0
"ESURANCE INSURANCE COMPANY,",3,exact,Esurance Insurance Company,,0
"Chubb National Insurance Company,",3,exact,Chubb National Insurance Company,,0
AMERICAN AUTOMOBILE INSURANCE COMPANY,3,exact,American Automobile Insurance Company,,0
ALLMERICA FINANCIAL ALLIANCE INSURANCE COMPANY,2,exact,Allmerica Financial Alliance Insurance Company,,0
NORTH RIVER INSURANCE COMPANY,2,exact,North River Insurance Company,,0
TRAVELERS INDEMNITY COMPANY,2,exact,Travelers Indemnity Company,,0
FARMINGTON CASUALTY COMPANY,2,exact,Farmington Casualty Company,,0
HARTFORD INSURANCE COMPANY OF ILLINOIS,2,exact,Hartford Insurance Company of Illinois,,0
AIU INSURANCE COMPANY,2,exact,AIU Insurance Company,,0
FEDERATED MUTUAL INSURANCE COMPANY,2,exact,Federated Mutual Insurance Company,,0
UNITRIN AUTO AND HOME INSURANCE COMPANY,2,exact,Unitrin Auto and Home Insurance Company,,0
FARMERS INSURANCE EXCHANGE,2,exact,Farmers Insurance Exchange,,0
CAROLINA CASUALTY INSURANCE COMPANY,2,exact,Carolina Casualty Insurance Company,,0
WESCO INSURANCE COMPANY,2,exact,WESCO Insurance Company,,0
TRUMBULL INSURANCE COMPANY,2,exact,Trumbull Insurance Company,,0
UNITED STATES FIRE INSURANCE COMPANY,2,exact,United States Fire Insurance Company,,0
KINGSTONE INSURANCE COMPANY,2,exact,Kingstone Insurance Company,,0
TRANSPORTATION INSURANCE COMPANY,2,exact,Transportation Insurance Company,,0
HARTFORD INSURANCE COMPANY OF THE MIDWEST,2,exact,Hartford Insurance Company of the Midwest,,0
CHUBB NATIONAL INSURANCE COMPANY,2,exact,Chubb National Insurance Company,,0
NATIONWIDE ASSURANCE COMPANY,2,exact,Nationwide Assurance Company,,0
PENNSYLVANIA MANUFACTURERS ASSOCIATION INSURANCE COMPANY TPA PMA MANAGEMENT GROUP,2,exact,Pennsylvania Manufacturers Association Insurance Company TPA PMA Management Group,,0
TRAVELERS INDEMNITY COMPANY OF CONNECTICUT,2,exact,Travelers Indemnity Company of Connecticut,,0
PENNSYLVANIA LUMBERMENS MUTUAL INSURANCE COMPANY,2,exact,Pennsylvania Lumbermens Mutual Insurance Company,,0
"ACCREDITED SURETY AND CASUALTY COMPANY, INC.",2,exact,"Accredited Surety and Casualty Company, Inc.",,0
"USAA CASUALTY INSURANCE COMPANY,",2,exact,USAA Casualty Insurance Company,,0
"PALISADES INSURANCE COMPANY,",2,exact,Palisades Insurance Company,,0
Standard Fire Insurance Company,2,exact,Standard Fire Insurance Company,,0
PROGRESSIVE NORTHERN INSURANCE COMPANY,2,exact,Progressive Northern Insurance Company,,0
REPUBLIC FRANKLIN INSURANCE COMPANY,2,exact,Republic-Franklin Insurance Company,,0
UNITRIN DIRECT INSURANCE COMPANY,2,exact,Unitrin Direct Insurance Company,,0
"UTICA MUTUAL INSURANCE COMPANY,",2,exact,Utica Mutual Insurance Company,,0
Encompass Home and Auto Insurance Company,2,exact,Encompass Home and Auto Insurance Company,,0
AMERICAN ALTERNATIVE INSURANCE CORPORATION,1,exact,American Alternative Insurance Corporation,,0
BANKERS STANDARD INSURANCE COMPANY,1,exact,Bankers Standard Insurance Company,,0
TWIN CITY FIRE INSURANCE COMPANY,1,exact,Twin City Fire Insurance Company,,0
21ST CENTURY PREMIER INSURANCE COMPANY,1,exact,21st Century Premier Insurance Company,,0
UNITRIN ADVANTAGE INSURANCE COMPANY,1,exact,Unitrin Advantage Insurance Company,,0
NEW HAMPSHIRE INSURANCE COMPANY,1,exact,New Hampshire Insurance Company,,0
AMTRUST NORTH AMERICA (WC),1,exact,Amtrust North America (WC),,0
NATIONAL CASUALTY COMPANY,1,exact,National Casualty Company,,0
Indiana Insurance Company,1,exact,Indiana Insurance Company,,0
NAVIGATORS INSURANCE COMPANY,1,exact,Navigators Insurance Company,,0
EVEREST NATIONAL INSURANCE COMPANY,1,exact,Everest National Insurance Company,,0
AMERICAN BANKERS INSURANCE COMPANY OF FLORIDA,1,exact,American Bankers Insurance Company of Florida,,0
MARKEL INSURANCE COMPANY,1,exact,Markel Insurance Company,,0
NATIONAL FIRE INSURANCE COMPANY OF HARTFORD,1,exact,National Fire Insurance Company of Hartford,,0
AIG Property Casualty Company.,1,exact,AIG Property Casualty Company,,0
Main Street America Protection Insurance Company,1,exact,Main Street America Protection Insurance Company,,0
"SENTINEL INSURANCE COMPANY, LTD",1,exact,"Sentinel Insurance Company, Ltd.",,0
HORACE MANN INSURANCE COMPANY,1,exact,Horace Mann Insurance Company,,0
ACADIA INSURANCE COMPANY,1,exact,Acadia Insurance Company,,0
AMERICAN MODERN HOME INSURANCE COMPANY,1,exact,American Modern Home Insurance Company,,0
"WAUSAU UNDERWRITERS INSURANCE COMPANY,",1,exact,Wausau Underwriters Insurance Company,,0
"LM INSURANCE CORPORATION,",1,exact,LM Insurance Corporation,,0
INDEMNITY INSURANCE COMPANY OF NORTH AMERICA,1,exact,Indemnity Insurance Company of North America,,0
SAFECO INSURANCE COMPANY OF INDIANA,1,exact,SAFECO Insurance Company of Indiana,,0
SECURITY NATIONAL INSURANCE COMPANY,1,exact,Security National Insurance Company,,0
Farmers Casualty Insurance Company,1,exact,Farmers Casualty Insurance Company,,0
STATE AUTOMOBILE MUTUAL INSURANCE COMPANY,1,exact,State Automobile Mutual Insurance Company,,0
ST.PAUL PROTECTIVE INSURANCE COMPANY,1,exact,St. Paul Protective Insurance Company,,0
Esurance Property and casualty Insurance company,1,exact,Esurance Property and Casualty Insurance Company,,0
Progressive American Insurance Company,1,exact,Progressive American Insurance Company,,0
"ENCOMPASS HOME AND AUTO INSURANCE COMPANY,",1,exact,Encompass Home and Auto Insurance Company,,0
AEGIS SECURITY INSURANCE COMPANY,1,exact,Aegis Security Insurance Company,,0
National Specialty Insurance Company,1,exact,National Specialty Insurance Company,,0
GEICO INSURANCE COMPANY,17719,typo,WESCO Insurance Company,,2
COUNTRYWIDE INSURANCE COMPANY,955,typo,Country-Wide Insurance Company,,1
All State Insurance Company,808,typo,Allstate Insurance Company,,1
NATIONWIDE INSURANCE COMPANY,596,typo,Nationwide Assurance Company,,2
21 CENTURY INSURANCE COMPANY,181,typo,21st Century Insurance Company,,2
THE GENERAL INSURANCE COMPANY,80,typo,Central Insurance Company,,2
AAA INSURANCE COMPANY,44,typo,AIU Insurance Company,,2
MGA INSURANCE COMPANY,38,typo,MGT Insurance Company,,1
UTICA NATIONAL INSURANCE COMPANY,37,typo,Utica National Assurance Company,,2
MERCURY INSURANCE COMPANY,33,typo,Mercer Insurance Company,,2
ENCOMPASS INSURANCE COMPANY,22,typo,Compass Insurance Company,,2
MICHIGAN MILLIER MUTUAL INSURANCE COMPANY,22,typo,Michigan Millers Mutual Insurance Company,,2
PARK INSURANCE COMPANY,20,typo,ARI Insurance Company,,2
GARRISON PROPERTY AND CASUALITY INSURANCE COMPANY,19,typo,Garrison Property and Casualty Insurance Company,,1
PMA INSURANCE COMPANY,17,typo,The Pie Insurance Company,,2
ACE INSURANCE COMPANY,15,typo,ACIG Insurance Company,,2
CNA INSURANCE COMPANY,13,typo,Canal Insurance Company,,2
STILL WATER PROPERTY AND CASUALTY INSURANCE COMPANY,13,typo,Stillwater Property and Casualty Insurance Company,,1
PURE INSURANCE COMPANY,11,typo,The Pie Insurance Company,,2
MAYA INSURANCE COMPANY,11,typo,Maya Assurance Company,,2
SAFCO INSURANCE COMPANY,10,typo,AMCO Insurance Company,,2
AM TRUST INSURANCE COMPANY,7,typo,AmTrust Insurance Company,,1
Verve Insurance Company,7,typo,Erie Insurance Company,,2
ZURICH NORTH AMERICAN INSURANCE COMPANY,6,typo,Zurich North America Insurance Company,,1
NATIONAL SPECIALITY INSURANCE COMPANY,6,typo,National Specialty Insurance Company,,1
ELCO INSURANCE COMPANY,5,typo,AMCO Insurance Company,,2
PROPERTY AND CASUALTY INSURANCE COMPANY OF HARTFOR,5,typo,Property and Casualty Insurance Company of Hartford,,1
ERIC INSURANCE COMPANY,4,typo,Erie Insurance Company,,1
FARMINGTON CASUALITY COMPANY,3,typo,Farmington Casualty Company,,1
STAR INDEMNITY & LIABILITY COMPANY,2,typo,Starr Indemnity & Liability Company,,1
QBE INSURANCE COMPANY,2,typo,The Pie Insurance Company,,2
"AAA INSURANCE COMPANY,",2,typo,AIU Insurance Company,,2
GUIDE ONE INSURANCE COMPANY,2,typo,GuideOne Insurance Company,,1
USAA GENERAL INSURANCE COMPANY,2,typo,CSAA General Insurance Company,,1
VANTAPRO SPECIALITY INSURANCE COMPANY,1,typo,Vantapro Specialty Insurance Company,,1
PROPERTY AND CASUALITY INSURANCE COMPANY OF HARTFORD,1,typo,Property and Casualty Insurance Company of Hartford,,1
AIG INSURANCE COMPANY,1,typo,ACIG Insurance Company,,1
NY TRANSIT AUTHORITY,1,typo,NYC Transit Authority,,1
PRIME INSURANCE COMPANY,1,typo,Erie Insurance Company,,2
ENSURANCE INSURANCE COMPANY,1,typo,Esurance Insurance Company,,1
NEW JERSEY CURE INSURANCE COMPANY,1,typo,New Jersey Re-Insurance Company,,2
STATE FARM INSURANCE COMPANY,5584,brand-generic,,State Farm,
PROGRESSIVE INSURANCE COMPANY,4989,brand-generic,,Progressive,
GEICO INS,3607,brand-generic,,GEICO,
GEICO,3530,brand-generic,,GEICO,
STATE FARM INSURANCE,3287,brand-generic,,State Farm,
MVAIC,3226,brand-generic,,MVAIC,
STATE FARM,2811,brand-generic,,State Farm,
PROGRESSIVE,2159,brand-generic,,Progressive,
GEICO INS NYPIP,2070,brand-generic,,GEICO,
GEICO NEW YORK,1960,brand-generic,,GEICO,
TRAVELERS PROPERTY AND CASUALTY COMPANY,1496,brand-generic,,Travelers,
LIBERTY MUTUAL INSURANCE,1437,brand-generic,,Liberty Mutual,
USAA,896,brand-generic,,USAA,
ALLSTATE FIRE CASUALTY INSURANCE COMPANY,732,brand-generic,,Allstate,
ALLSTATE,650,brand-generic,,Allstate,
USAA INSURANCE COMPANY,596,brand-generic,,USAA,
TRAVELERS INSURANCE,590,brand-generic,,Travelers,
GEICO INSURANCE,588,brand-generic,,GEICO,
TRAVELERS INSURANCE COMPANY,502,brand-generic,,Travelers,
ALLSTATE (NF),449,brand-generic,,Allstate,
ALLSTATE INSURANCE,357,brand-generic,,Allstate,
STATE FARM INS-NF,337,brand-generic,,State Farm,
INTEGON NATIONAL INS,319,brand-generic,,National General/Integon,
INTEGON INSURANCE COMPANY,282,brand-generic,,National General/Integon,
INTEGON NATIONAL INSURANCE CO C/O ASSIGNED RISK SOLUTIONS,243,brand-generic,,National General/Integon,
ALLSTATE INSURANCE C,234,brand-generic,,Allstate,
NATIONAL GENERAL INS,194,brand-generic,,National General/Integon,
NATIONWIDE,183,brand-generic,,Nationwide,
INTEGON NATIONAL INS. CO. D/B/A GMAC INS. CO.,178,brand-generic,,National General/Integon,
Integon National Insurance Company c/o Assigned Risk Solutions,157,brand-generic,,National General/Integon,
TRAVELERS,155,brand-generic,,Travelers,
HEREFORD INSURANCE CO.,150,brand-generic,,Hereford,
MOTOR VEHICLE ACCIDENT INDEMNITY COMPANY,119,brand-generic,,MVAIC,
LIBERTY MUTUAL GENERAL INSURANCE CO.,99,brand-generic,,Liberty Mutual,
PROGRESSIVE MEDICAL CLAIMS,84,brand-generic,,Progressive,
TRAVELERS INS,72,brand-generic,,Travelers,
STATE FARM MUTUAL INS CO.,60,brand-generic,,State Farm,
LIBERTY MUTUAL INSURANCE CORPORATION,55,brand-generic,,Liberty Mutual,
PROGRESSIVE GARDEN STATE INSURANCE COMPANY,51,brand-generic,,Progressive,
USAA CASUALTY INSURANCE,50,brand-generic,,USAA,
PROGRESSIVE INS. CO.,44,brand-generic,,Progressive,
HEREFORD AUTO INSURANCE COMPANY,40,brand-generic,,Hereford,
NATIONWIDE INSURANCE CO.,39,brand-generic,,Nationwide,
PROGRESSIVE NORTHEASTERN INSURANCE,29,brand-generic,,Progressive,
ALLSTATE INS,25,brand-generic,,Allstate,
INTEGON NATIONAL INSURANCE CO.,25,brand-generic,,National General/Integon,
LIBERTY MUTUAL,24,brand-generic,,Liberty Mutual,
STATE FARM CASUALTY AND CASUALTY COMPANY,23,brand-generic,,State Farm,
GEICO INSURANCE COMAPNY,22,brand-generic,,GEICO,
GEICO GENERAL INSURANCE CO.,18,brand-generic,,GEICO,
STATE FARM INSURANCE CO.,17,brand-generic,,State Farm,
LIBERTY MUTUAL PERSONAL INSURANCE COMPANY,16,brand-generic,,Liberty Mutual,
STATE FARM INS.,15,brand-generic,,State Farm,
HEREFORD INS. CO.,15,brand-generic,,Hereford,
TRAVELERS OF FLORIDA,13,brand-generic,,Travelers,
ALLSTATE NEW JERSEY PROPERTY AND CASUALTY INSURANCE COMPANY,13,brand-generic,,Allstate,
TRAVELERS PROPERTY CASUALTY COMPANY,12,brand-generic,,Travelers,
ALLSTATE INDEMNITY INSURANCE COMPANY,12,brand-generic,,Allstate,
"MVAIC,",12,brand-generic,,MVAIC,
ALLSTATE PROPERTY AND CASUALTY INS. CO.,11,brand-generic,,Allstate,
PROGRESSIVE CASUALTY INSURANCE CO.,10,brand-generic,,Progressive,
INTEGON GENERAL INSURANCE COMPANY,10,brand-generic,,National General/Integon,
STATE FARM INDEMNITY COMPANY,9,brand-generic,,State Farm,
INTEGON,9,brand-generic,,National General/Integon,
383 INTEGON NATIONAL INS CO,9,brand-generic,,National General/Integon,
MCC/NY NATIONWIDE MUTUAL INS,9,brand-generic,,Nationwide,
Liberty Mutual Ins Co,8,brand-generic,,Liberty Mutual,
PROGRESSIVE SELECT INSURANCE COMPANY,8,brand-generic,,Progressive,
USAA AUTO INSURANCE COMPANY,7,brand-generic,,USAA,
TRAVELERS EXCESS AND SURPLUS COMPANY,7,brand-generic,,Travelers,
TRAVELERS CASUALTY AND SURETY COMPANY,7,brand-generic,,Travelers,
ALLSTATE NEW JERSEY INSURANCE COMPANY,6,brand-generic,,Allstate,
TRAVELERS INDEMNITY CO.,6,brand-generic,,Travelers,
ADIRONDACK INSURANCE EXCHANGE c/o National General,6,brand-generic,,National General/Integon,
NATIONWIDE AFFINITY INSURANCE COMPANY,5,brand-generic,,Nationwide,
LIBERTY MUTUAL FIRE INSURANCE CO.,5,brand-generic,,Liberty Mutual,
LIBERTY MUTUAL GROUP,5,brand-generic,,Liberty Mutual,
TRAVELERS INSURANCE CO.,5,brand-generic,,Travelers,
PROGRESSIVE CLAIMS,5,brand-generic,,Progressive,
LIBERTY MUTUAL INSURANCE COMPANY C/O GENOTEQ INSURANCE COMPANY,4,brand-generic,,Liberty Mutual,
INTEGON INS. CO,4,brand-generic,,National General/Integon,
ALLSTATE INSURANCE CO.,4,brand-generic,,Allstate,
TRAVELERS INS CO,4,brand-generic,,Travelers,
FIRST LIBERTY MUTUAL INSURANCE COMPANY,4,brand-generic,,Liberty Mutual,
GEICO INSURANCE/AUTO,3,brand-generic,,GEICO,
GEICO INDEMNITY CO,3,brand-generic,,GEICO,
ALLSTATE INSURANCE COM,3,brand-generic,,Allstate,
ALLSTATE INSURANCE CO. II,3,brand-generic,,Allstate,
TRAVELERS AUTO INSURANCE,3,brand-generic,,Travelers,
TRAVELERS MELVILLE CLAIM,3,brand-generic,,Travelers,
PROGRESSIVE AUTO INSURANCE COMPANY,3,brand-generic,,Progressive,
ALLSTATE NEW JERSY PROPERTY AND CASUALTY INSURANCE,3,brand-generic,,Allstate,
NATIONWIDE INS CO,3,brand-generic,,Nationwide,
STATE FARM GUARANTY INSURANCE COMPANY,3,brand-generic,,State Farm,
Liberty Mutual Ins P O BOX 4836 Syracuse 13221 NY,3,brand-generic,,Liberty Mutual,
LIBERTY MUTUAL INS. CO.,3,brand-generic,,Liberty Mutual,
LIBERTY MUTUAL COMMERCIAL DEPT,3,brand-generic,,Liberty Mutual,
Progressive Southeastern Insurance,3,brand-generic,,Progressive,
GEICO NYPIP INS CO,3,brand-generic,,GEICO,
USAA CLAIMS DEPARTMENT,3,brand-generic,,USAA,
INTEGON C/O ASSIGNED RISK SOLUTIONS,2,brand-generic,,National General/Integon,
PROGRESSIVE CASUALTY INS. CO.,2,brand-generic,,Progressive,
Travelers Indemnity of Connecticut c/o Claim Service Bureau of NY Inc,2,brand-generic,,Travelers,
USAA AUTO INJURIES SOLUTIONS,2,brand-generic,,USAA,
LIBERTY MUTUAL FIRE INS. CO.,2,brand-generic,,Liberty Mutual,
PROGRESSIVE INSURANCE GROUP,2,brand-generic,,Progressive,
USAA CASUALTY INSURANCE CO.,2,brand-generic,,USAA,
INTEGON INS,2,brand-generic,,National General/Integon,
Travelers Indemnity of Connecticut c/o claims Service Bureau of NY Inc,2,brand-generic,,Travelers,
PROGRESSIVE PREMIER INSURANCE COMPANY,2,brand-generic,,Progressive,
TRAVELERS AUTO INSURANCE CO. OF NJ,2,brand-generic,,Travelers,
USAA General Ins Co.,2,brand-generic,,USAA,
PROGRESSIVE GULF INSURANCE COMPANY,2,brand-generic,,Progressive,
LIBERTY MUTUAL GENERAL INSURANCE COMPANY,2,brand-generic,,Liberty Mutual,
INTEGON INSURANCE COMPANY C/O NATIONAL LIABILITY,1,brand-generic,,National General/Integon,
STATE FARM INSURANCE COM,1,brand-generic,,State Farm,
PROGRESSIVE COUNTY MUTUAL INSURANCE COMPANY,1,brand-generic,,Progressive,
ALLSTATE INC. CO.,1,brand-generic,,Allstate,
ADIRONDACK INDEMNITY COMPANY c/o National General,1,brand-generic,,National General/Integon,
USAA MEDICAL MAIL DEPT,1,brand-generic,,USAA,
ALLSTATE INS. CO,1,brand-generic,,Allstate,
STATE FARM INS. CO.,1,brand-generic,,State Farm,
AMERICAN TRANSIT INSURANCE,1,brand-generic,,American Transit,
GMAC-NATIONAL GENERAL INSURANCE CO.,1,brand-generic,,National General/Integon,
GARRISON PROPERTY AND CASUALITY. A USAA SUBSIDIARY,1,brand-generic,,USAA,
LIBERTY MUTUAL AUTO INSURANCE,1,brand-generic,,Liberty Mutual,
STATE FARM INSURANCE COMPANIES CLAIM OFFICE,1,brand-generic,,State Farm,
Travelers Excess And Surplus Lines Company,1,brand-generic,,Travelers,
"PROGRESSIVE COUNTY MUTUAL INSURANCE COMPANY,",1,brand-generic,,Progressive,
PROGRESSIVE PREMIER INSURANCE COMPANY OF ILLINOIS,1,brand-generic,,Progressive,
INTEGON GENERAL INSURANCE- NYP,1,brand-generic,,National General/Integon,
SAFECO INSURANCE COMPANY,603,unmatched,AMCO Insurance Company,3
FARMERS INSURANCE COMPANY,465,unmatched,Bankers Insurance Company,3
MTA NEW YORK CITY TRANSIT,304,unmatched,StarNet Insurance Company,18
METROPOLITAN GROUP PROPERTY AND CASUALTY INSURANCE,287,unmatched,Farmers Group Property and Casualty Insurance Company,19
AVIS RENT A CAR SYSTEM LLC,273,unmatched,AXIS Reinsurance Company,15
SEDGWICK,214,unmatched,"CCMSI, Inc.",7
NEW YORK CENTRAL MUTUAL INSURANCE,181,unmatched,New York State Insurance Fund,16
BRISTOL WEST INSURANCE COMPANY,180,unmatched,Great Midwest Insurance Company,7
Enterprise Rent A Car C/O Rental Claims Services f/k/a Elco Claims Services,175,unmatched,,99
ASSIGNED RISK SOLUTIONS,174,unmatched,ACIG Insurance Company,18
PLYMOUTH ROCK INSURANCE COMPANY,156,unmatched,Crestbrook Insurance Company,9
Clear Blue Insurance Group,115,unmatched,Clear Blue Insurance Company,6
NEW SOUTH INSURANCE COMPANY D/B/A GMAC INSURANCE COMPANY,112,unmatched,First American Property & Casualty Insurance Company,31
Komodo Claims,111,unmatched,Sedgwick Claims,8
NATIONAL INSURANCE COMPANY,107,unmatched,GM National Insurance Company,3
Genoteq Insurance company,105,unmatched,Centre Insurance Company,4
HARTFORD INSURANCE,97,unmatched,StarStone Insurance SE,9
CHURCH MUTUAL INSURANCE COMPANY,90,unmatched,"Church Mutual Insurance Company, SI",3
KEMPER INSURANCE COMPANY,84,unmatched,EmPRO Insurance Company,3
REPUBLIC WESTERN INSURANCE COMPANY,82,unmatched,Republic-Franklin Insurance Company,7
NYC TRANSIT C/O CORVEL CORPORATION,81,unmatched,Endurance Assurance Corporation,17
RENTAL CLAIMS SERVICES,81,unmatched,"Great Plains Casualty, Inc.",14
SAFECO,81,unmatched,"CCMSI, Inc.",6
NEW YORK CENTRAL MUTUAL INS,80,unmatched,New York City Transit Authority,15
ADIRONDACK INSURANCE EXCHANGE,76,unmatched,Farmers Insurance Exchange,9
First Acceptance Insurance Company,71,unmatched,First Colonial Insurance Company,9
ESIS,69,unmatched,"CCMSI, Inc.",4
NYC OFFICE OF THE COMPTROLLER,67,unmatched,NGM Insurance Company,18
FARM FAMILY CASUALTY INSURANCE CO.,67,unmatched,Farmers Casualty Insurance Company,12
COUNTRYWIDE INSURANCE,66,unmatched,StarStone Insurance SE,12
NEW YORK CENTRAL MUTUAL FIRE INS,64,unmatched,New York City Transit Authority,17
SEDGWICK CLAIMS MANAGEMENT SERVICE,63,unmatched,"Sterling Insurance Cooperative, Inc.",23
NYCTA,62,unmatched,"CCMSI, Inc.",5
ADIRONDACK INSURANCE COMAPNY,62,unmatched,Argonaut Insurance Company,8
GENOTEQ CLAIM SERVICE,61,unmatched,Generali - U.S. Branch,13
NO INSURER SELECTED,60,unmatched,"XL Insurance America, Inc.",13
USSA,60,unmatched,"CCMSI, Inc.",4
ELRAC INC,59,unmatched,"CCMSI, Inc.",5
GOOD TO GO AUTO INSURANCE,59,unmatched,"Tesla General Insurance, Inc.",13
SAFE AUTO,58,unmatched,"CCMSI, Inc.",9
SEDGWICK INSURANCE OF NY,57,unmatched,Greenwich Insurance Company,9
PLYMOUTH ROCK CLAIMS DEPARTMENT,55,unmatched,Suffolk County Risk Management,21
"AFFIRMATIVE DIRECT INSURANCE COMPANY C/O Abrams Fensterman, LLP",53,unmatched,American Family Connect Property and Casualty Insurance Company,49
ACE AMERICAN INSURANCE COMPANY C/O ESIS INSURANCE COMPANY,52,unmatched,First American Property & Casualty Insurance Company,25
Global Liberty Insurance Company,51,unmatched,Glatfelter Insurance Company,9
"Avis Budget Group, Inc. c/o Sedgwick Claims Management Services",51,unmatched,Farmers Direct Property and Casualty Insurance Company,45
CURE AUTO INS,50,unmatched,Law Department,11
Met Life Insurance Company,49,unmatched,Metromile Insurance Company,4
PLYMOUTH ROCK ASSURANCE COMPANY,48,unmatched,Vantage Risk Assurance Company,10
AVIS BUDGET GROUP,48,unmatched,Avis Rent a Car,10
ELRAC LLC C/O ELCO CLAIM SERVICES,48,unmatched,Helmsman Management Services,18
HANOVER INSURANCE,48,unmatched,Hannover Ruck SE,8
ACCIDENT FUND INSURANCE COMPANY OF AMERICA C/O GENOTEQ CLAIMS INVESTIGATIONS INC,48,unmatched,,99
METROPOLITAN CASUALTY INSURANCE COMPANY,48,unmatched,Carolina Casualty Insurance Company,7
"CLEAR BLUE INSURANCE COMPANY C/O NETWORK ADJUSTERS, INC",45,unmatched,Travelers Casualty Insurance Company of America,32
NYC HOUSING AUTHORITY C/O UNITED CLAIM SERVICES,45,unmatched,Nationwide Affinity Insurance Company of America,35
Rental Claims P.O.Box 14392 lexington 40512 KY,45,unmatched,Clear Spring Property and Casualty Company,36
AMERICAN COUNTRY INSURANCE COMPANY,43,unmatched,American Economy Insurance Company,4
MERCURY CASUALTY INSURANCE COMPANY,43,unmatched,MEDMARC Casualty Insurance Company,4
UTICA INSURANCE CO.,42,unmatched,TIG Insurance Company,8
OFFICE OF THE COMPTROLLER DIVISION OF LAW-RM.,42,unmatched,"Mapfre Re, Compania de Reaseguros, S.A.",28
Peak Property and Casualty Insurance Corp,41,unmatched,ACE Property and Casualty Insurance Company,8
OLD REPUBLIC INSURANCE C/O SEDGWICK CLAIMS MANAGEMENT SERVICES INC,40,unmatched,Otsego County Patrons Co-operative Fire Relief Association,50
MVIAC,40,unmatched,"CCMSI, Inc.",5
AMERICAN ACCESS CASUALTY CO,40,unmatched,Great West Casualty Company,15
ESIS INS.,38,unmatched,"CCMSI, Inc.",6
CHUBB INSURANCE COMPANY,38,unmatched,Church Insurance Company,3
NEW YORK CENTRAL MUTUAL,38,unmatched,"Tesla General Insurance, Inc.",16
AMERICAN MODERN SELECT INSURANCE COMPANY,38,unmatched,American Modern Home Insurance Company,5
NY MARINE AND GENERAL INSURANCE COMPANY,37,unmatched,Accident Fund General Insurance Company,10
NJM INSURANCE GROUP,37,unmatched,NGM Insurance Company,7
AMERICAN COUNTRY INS,37,unmatched,Corvel Corporation,14
GOVERMENT EMPLOYEES INSURANCE CO,37,unmatched,Pacific Employers Insurance Company,15
MERCHANTS INSURANCE COMPANY,37,unmatched,Merastar Insurance Company,5
OMNI INSURANCE COMPANY,37,unmatched,AMCO Insurance Company,3
HERTZ VEHICLES LLC,36,unmatched,Hannover Ruck SE,12
CITY OF NY OFF OF COMPTROLLER,35,unmatched,Cim Insurance Corporation,20
SEDGWICK CLAIMS MANAGEMENT,34,unmatched,Suffolk County Risk Management,15
MEDLOGIX,34,unmatched,"CCMSI, Inc.",7
Auto Club Country Mutual Insurance Company,33,unmatched,Oswego County Mutual Insurance Company,9
KEMPER INSURANCE,30,unmatched,Generali - U.S. Branch,11
WRIGHT RISK MANAGEMENT,29,unmatched,Executive Risk Indemnity Inc.,15
AMERICAN NATIONAL INSURANCE COMPANY,29,unmatched,American Sentinel Insurance Company,5
FIRST ACCEPTANCE INSURANCE,29,unmatched,StarStone Insurance SE,13
SAFECO INS. CO.,29,unmatched,Avis Rent a Car,12
CLAIMS SERVICE BUREAU OF NEW YORK,29,unmatched,"XL Insurance Company of New York, Inc.",14
ACE ESIS,28,unmatched,"CCMSI, Inc.",5
AUTO OWNERS INS CO,27,unmatched,Avis Rent a Car,13
AFFIRMATIVE DIRECT INSURANCE COMPANY C/O ABRAM FENSTERMAN LLP,26,unmatched,American Family Connect Property and Casualty Insurance Company,48
COUNTRY WIDE INS. CO.,26,unmatched,"Tokio Marine GRV Re, Inc.",14
SEDGEWICK,25,unmatched,"CCMSI, Inc.",8
DIRECT GENERAL INSURANCE COMPANY,25,unmatched,Agri General Insurance Company,5
HAGERTY INSURANCE COMPANY,25,unmatched,Bantry Insurance Company,4
GALLAGHER & BASSETT,25,unmatched,Gallagher Bassett,4
Risk Placement Services,25,unmatched,"Great Plains Casualty, Inc.",17
NETWORK ADJUSTERS,24,unmatched,Sedgwick Claims,13
GLOBAL LIBERTY,24,unmatched,Law Department,12
SEDGWICK INSURANCE COMPANY,24,unmatched,Greenwich Insurance Company,5
DIRECT AUTO,23,unmatched,Avis Rent a Car,9
FIDUCIARY INS CO OF AMERICA,23,unmatched,"Munich Reinsurance America, Inc.",14
SAFE AUTO INSURANCE COMPANY,23,unmatched,AVEMCO Insurance Company,6
AMERICAN FAMILY INSURANCE CO,23,unmatched,American Pet Insurance Company,11
UTICA NATIONAL INS.,23,unmatched,Avis Rent a Car,14
CHURCH MUTUAL INS,23,unmatched,Black Car Fund,13
INSHUR INSURANCE COMPANY,22,unmatched,ACSTAR Insurance Company,4
INFINITY INSURANCE,22,unmatched,StarStone Insurance SE,12
ABRAMS & FENSTERMAN NY CLAIMS,22,unmatched,Crum & Forster Indemnity Company,19
NEW YORK CENTRAL MUTUAL FIRE INSURANCE CO.,22,unmatched,Providence Mutual Fire Insurance Company,18
NATIONAL LIABILITY AND FIRE INS C/O ASSIGNED RISK SOLUTIONS,22,unmatched,Otsego County Patrons Co-operative Fire Relief Association,46
BRISTOL WEST CLAIMS SERVICE,22,unmatched,Great West Casualty Company,18
Mitsui Sumitomo Insurance Company of America C/O Sedgwick Claims,22,unmatched,American Family Connect Property and Casualty Insurance Company,53
INSHUR INS,21,unmatched,Black Car Fund,11
SEDWICK CLAIMS MANAG,21,unmatched,GEICO Casualty Company,15
AMERICAN STATES,21,unmatched,Sedgwick Claims,11
PHILADELPHIA  INDEMNITY INSURANCE,21,unmatched,Cincinnati Indemnity Company,17
SEDGWICK INS. CO.,20,unmatched,Sedgwick Claims,6
NEW YORK CENTRAL MUTUAL INSURANCE CO.,20,unmatched,Oswego County Mutual Insurance Company,16
"ABRAMS, FENSTERMAN, EISMAN, FORNATO",20,unmatched,Agri General Insurance Company,20
NATIONAL DOCUMENT CENTER INSURANCE CO.,20,unmatched,National Continental Insurance Company,14
OLD REPUBLIC INSURANCE,19,unmatched,"Tesla General Insurance, Inc.",11
UNITED AUTOMOBILE INSURANCE COMPANY,19,unmatched,American Automobile Insurance Company,7
GAINSCO AUTO INSURANCE COMPANY,19,unmatched,Infinity Auto Insurance Company,6
STATE AUTO INSURANCE COMPANY,19,unmatched,Gateway Insurance Company,6
NEW YORK CITY TRANSIT AUTHORITY INSURANCE COMPANY,19,unmatched,New York Central Mutual Fire Insurance Company,16
FARM FAMILY MUTUAL INSURANCE CO.,19,unmatched,Amica Mutual Insurance Company,13
GLACIER BAY,18,unmatched,Black Car Fund,9
AVIS BUDGET INSURANCE COMPANY,18,unmatched,Palisades Insurance Company,7
METLIFE INSURANCE COMPANY,17,unmatched,Erie Insurance Company,4
MAYA ASSURANCE INSURANCE COMPANY,17,unmatched,Infinity Assurance Insurance Company,8
ATLANTIC CASUALTY INSURANCE,17,unmatched,Columbia Casualty Company,13
Tri Star Risk Management Clinton 52733 IA,17,unmatched,Tri-State Insurance Company of Minnesota,28
NEW JERSEY MANUFACTU,16,unmatched,"Great Plains Casualty, Inc.",15
PROSIGHT SPECIALTY I,16,unmatched,Ironshore Indemnity Inc.,15
SAFETY NATIONAL CASUALTY,16,unmatched,"Great Plains Casualty, Inc.",11
SAFE AUTO INS.,16,unmatched,Law Department,10
DIRECT AUTO INSURANCE,16,unmatched,StarStone Insurance SE,13
NORTH AMERICAN RISK,16,unmatched,"Tokio Marine GRV Re, Inc.",14
ESURANCE INS CO,15,unmatched,Avis Rent a Car,12
NATIONAL LIBERTY AND FIRE INSURANCE COMPANY,15,unmatched,National Liability & Fire Insurance Company,4
ELCO,15,unmatched,"CCMSI, Inc.",5
NYC TRANSIT AUTHORITY INSURANCE COMPANY,15,unmatched,Accelerant National Insurance Company,14
BUDGET RENT A CAR CLAIMS DEPARTMENT,15,unmatched,BITCO General Insurance Corporation,26
NATIONAL LIABILITY INSURANCE COMPANY,14,unmatched,National Specialty Insurance Company,6
TRISTATE INSURANCE COMPANY,14,unmatched,Allstate Insurance Company,3
Midvale Insurance Company,14,unmatched,Midrox Insurance Company,4
"Old Republic Insurance Company C/O NORTH AMERICAN RISK SERVICES, INC.",14,unmatched,American Family Connect Property and Casualty Insurance Company,52
GALLAGHER BASSETT INSURANCE COMPANY WC,14,unmatched,Farmers Casualty Insurance Company,15
THE HARTFORD,14,unmatched,"CCMSI, Inc.",8
PRIVILEGE UNDERWRITERS,14,unmatched,Ironshore Indemnity Inc.,14
AMICA INSURANCE,13,unmatched,Avis Rent a Car,11
ENTERPRISE INSURANCE COMPANY,13,unmatched,Centre Insurance Company,6
ENCOMPASS INSURANCE,13,unmatched,Generali - U.S. Branch,12
Prosight Specialty Insurance,13,unmatched,MSIG Specialty Insurance USA Inc.,9
GALLAGHER BASSETT SERVICES,13,unmatched,Helmsman Management Services,15
NY CENTRAL MUTUAL INS.,13,unmatched,NYC Transit Authority,14
ABI BUSINESS INSURANCE COMPANY,13,unmatched,Wausau Business Insurance Company,5
NEW YORK BLACK CAR FUND,13,unmatched,NGM Insurance Company,17
ZURICH,12,unmatched,"CCMSI, Inc.",6
TRISTATE CONSUMER INSURANCE COMPANY,12,unmatched,Crum and Forster Insurance Company,10
FARMERS INSURANCE GROUP,12,unmatched,"Farmers Insurance Hawaii, Inc.",6
LANCER INSURANCE,12,unmatched,Generali - U.S. Branch,11
COURIER CAR RENTAL,12,unmatched,Corvel Corporation,11
ERIE INSURANCE GROUP,12,unmatched,Erie Insurance Company,6
CITY OF NEW YORK,12,unmatched,Avis Rent a Car,13
ENTERPRISE HOLDINGS,12,unmatched,Generali - U.S. Branch,13
HERTZ INSURANCE COMPANY,12,unmatched,Cerity Insurance Company,3
Cover Me Insurance,12,unmatched,Generali - U.S. Branch,11
SAFETY INSURANCE COMPANY,12,unmatched,Bantry Insurance Company,4
HANOVER INSURANCE GROUP,12,unmatched,Hanover Insurance Company,6
NEW YORK CENTRAL INSURANCE COMPANY,12,unmatched,GEICO General Insurance Company,8
NYS Worker''s Compensation Board 100 Broadway Albany 12241 NY,11,unmatched,Swiss Re Corporate Solutions Elite Insurance Corporation,48
SEDGWICK CLAIMS SERVICES,11,unmatched,Helmsman Management Services,15
ENTERPRISE RENT A CAR INS.,11,unmatched,Western Surety Company,15
NYCM Insurance,11,unmatched,Avis Rent a Car,12
American Business Insurance,11,unmatched,"Tesla General Insurance, Inc.",13
U-HAUL COMPANY C/O REPWEST INSURANCE COMPANY,11,unmatched,Callicoon Co-operative Insurance Company,18
PHILADELPHIA INSURANCE COMPANY,11,unmatched,Intrepid Insurance Company,8
TRANSIT GENERAL INSURANCE COMPANY,11,unmatched,Agri General Insurance Company,5
Enterprise (Rental Claims Services),11,unmatched,AXA XL Insurance Company Americas,24
ENTERPRISE DAMAGE RECOVERY UNIT,11,unmatched,Interboro Insurance Company,22
NEW YORK CITY TRANSIT,10,unmatched,Generali - U.S. Branch,15
MAIDSTONE INSURANCE,10,unmatched,StarStone Insurance SE,7
EAN HOLDINGS LLC.,10,unmatched,Black Car Fund,12
MAIN STREET AMERICAN INSURANCE COMPANY,10,unmatched,Main Street America Assurance Company,3
WASHINGTON INTERNATIONAL INSURANCE COMPANY,10,unmatched,Accident Fund National Insurance Company,13
ZURICH INSURANCE COMPANY,10,unmatched,Arch Insurance Company,3
ESIS CLAIMS,10,unmatched,Sedgwick Claims,6
MTA - TRANSIT AUTHORITY INSURANCE COMPANY,10,unmatched,Atlantic Specialty Insurance Company,13
MAIN STREET AMERICA,10,unmatched,"XL Insurance America, Inc.",9
PEARL HOLDING GROUP,10,unmatched,"Tokio Marine GRV Re, Inc.",14
BROADSPIRE (WC),10,unmatched,Law Department,11
CARDINAL CLAIM SERVICE INC,10,unmatched,Corvel Corporation,16
Assurance America Insurance Company,10,unmatched,Endurance American Insurance Company,4
"Elrac, LLC",10,unmatched,"CCMSI, Inc.",5
"Hertz Vehicles, LLC c/o ESIS Claims",10,unmatched,Heritage Indemnity Company,22
SEDGWICK CMS INSURANCE COMPANY,9,unmatched,Depositors Insurance Company,9
ASSURANCE AMERICA INSURANCE,9,unmatched,"Tesla General Insurance, Inc.",12
RENTAL CLAIM SERVICES,9,unmatched,Generali - U.S. Branch,15
NYSIF,9,unmatched,"CCMSI, Inc.",4
ESURANCE,9,unmatched,"CCMSI, Inc.",8
ARBELLA INS GROUP,9,unmatched,Generali - U.S. Branch,13
AMERICAN ACCESS CASUALTY INSURANCE COMPANY,9,unmatched,Ocean Harbor Casualty Insurance Company,11
Adirondack Insurance Exchange,9,unmatched,Farmers Insurance Exchange,9
AFFIRMATIVE INSURANCE COMPANY,9,unmatched,AGCS Marine Insurance Company,6
Palisades Safety & Insurance Association,9,unmatched,Erie and Niagara Insurance Association,17
DAVIES CLAIMS SOLUTIONS,9,unmatched,"Great Plains Casualty, Inc.",16
CNA CONTINENTAL CASUALTY,9,unmatched,Continental Casualty Company,12
21ST CENTURY,9,unmatched,Avis Rent a Car,11
HERTZ CLAIM MANAGEMENT C/O ESIS,8,unmatched,Helmsman Management Services,15
UTICA NATIONAL,8,unmatched,Black Car Fund,11
LANCER INSURANCE CO.,8,unmatched,ACIG Insurance Company,9
GERBER & GERBER,8,unmatched,Avis Rent a Car,13
THE HARTFORD INS. CO.,8,unmatched,Avis Rent a Car,12
CLEAR BLUE INSURANCE C/O NETWORK ADJUSTERS,8,unmatched,Curative Insurance Company of Illinois,24
NYC OFFICE OF COMPTROLLER,8,unmatched,NGM Insurance Company,18
GUIDE ONE INSURANCE,8,unmatched,StarStone Insurance SE,9
CHARTER OAK FIRE INSURANCE,8,unmatched,"Tesla General Insurance, Inc.",14
GENOTEQ CLAIMS INVESTIGATIONS,8,unmatched,General Reinsurance Corporation,20
GALLAGHER BASSETT SERVICES C/O XL INSURANCE AMERICA,8,unmatched,Fair American Insurance and Reinsurance Company,31
COUNTRYWAY-PERSONAL INSURANCE COMPANY,8,unmatched,TravCo Personal Insurance Company,8
The General Automobile Insurance Company,8,unmatched,American Automobile Insurance Company,6
COUNTRY WIDE INSURANCE COMPANY CLAIMS DEPT,8,unmatched,Curative Insurance Company of Illinois,17
ENTERPRISE INSURANCE,7,unmatched,StarStone Insurance SE,10
ELCO INSURANCE,7,unmatched,Black Car Fund,11
FARMERS INSURANCE COMPANY INC,7,unmatched,Bankers Insurance Company,3
EVEREADY INSURANCE COMPANY,7,unmatched,Berkley Insurance Company,5
ELECTRIC INSURANCE COMPANY,7,unmatched,Select Insurance Company,4
NATIONAL LIABILITY FIRE INSURANCE COMPANY,7,unmatched,National Liability & Fire Insurance Company,4
Bristol West Ins Co,7,unmatched,Avis Rent a Car,12
ASSURANCE COMPANY OF AMERICA,7,unmatched,Insurance Company of the West,8
First Chicago Insurance Company,7,unmatched,First Colonial Insurance Company,7
NY BLACKCAR FUND,7,unmatched,Black Car Fund,4
TRITON CLAIMS MANAGEMENT,7,unmatched,Triton Insurance Company,14
ERIE INS CO.,7,unmatched,Avis Rent a Car,10
AMERICAN NATIONAL FIRE INSURANCE COMPANY,7,unmatched,American Automobile Insurance Company,9
BLUE STAR CLAIMS LLC,7,unmatched,Sedgwick Claims,9
PMA INSURANCE,7,unmatched,MTA Bus Company,11
DRIVE NEW JERSEY INSURANCE COMPANY,7,unmatched,New Jersey Re-Insurance Company,9
ELCO ADMINISTRATIVE SERVICES/ELRAC C/O RENTAL CLAIM SERVICES,7,unmatched,Swiss Re Corporate Solutions Elite Insurance Corporation,44
AIG CLAIMS SERVICE,7,unmatched,"Tokio Marine GRV Re, Inc.",13
GLOBAL LIBERTY INS. CO,6,unmatched,Colonial Surety Company,15
EMBLEM HEALTH,6,unmatched,Law Department,12
CHUBB (WC),6,unmatched,"CCMSI, Inc.",7
TSC DIRECT,6,unmatched,Law Department,9
AMERICAN INDEPENDENT INSURANCE COMPANY,6,unmatched,American European Insurance Company,8
INFINITY INDEMNITY INSURANCE COMPANY,6,unmatched,Infinity Casualty Insurance Company,7
NORTH CAROLINA CLAIMS OFFICE,6,unmatched,Northland Insurance Company,18
GRANADA INS CO,6,unmatched,Avis Rent a Car,13
AMERICAN UNITED TRANSPORTATION,6,unmatched,American Pet Insurance Company,18
AMICA INS,6,unmatched,"CCMSI, Inc.",7
NORTH AMERICAN RISK SERVICES,6,unmatched,Helmsman Management Services,17
HIGH POINT PROPERTY AND CASUALTY INSURANCE COMPANY,6,unmatched,Foremost Property and Casualty Insurance Company,8
COUNTRY-WIDE INSURACE,6,unmatched,StarStone Insurance SE,14
NATIONAL CONTINENTAL CO.,6,unmatched,National Casualty Company,14
MET LIFE AUTO INSURANCE COMPANY,6,unmatched,Infinity Auto Insurance Company,7
NYC COMPTROLLER'S OFFICE,6,unmatched,NYC Transit Authority,17
ROOT INSURANCE COMPANY,6,unmatched,Ascot Insurance Company,3
MIDVALE INDEMNITY COMPANY NAIC,6,unmatched,Allstate Indemnity Company,11
GALLAGHER BASSETT SRVS,6,unmatched,"Great Plains Casualty, Inc.",18
Amazon Logistics Insurance Company,6,unmatched,"American Pacific Insurance Company, Inc.",11
MTA BUS COMPANY / JFK DEPOT,6,unmatched,Insurance Company of the West,14
MITSUI SUMITOMO,6,unmatched,MTA Bus Company,12
UNITED AUTOMOBILE INS,6,unmatched,Corvel Corporation,17
CNA INSURANCE CO.,6,unmatched,"XL Insurance America, Inc.",9
HANOVER INS.,6,unmatched,Black Car Fund,10
K2 Claims Insurance Services,6,unmatched,Acadia Insurance Company,15
Sunz Insurance Company,6,unmatched,Star Insurance Company,3
Berkley Specialty Insurance Company,6,unmatched,Catlin Specialty Insurance Company,6
NEW YORK CITY OFFICE OF COMPTROLLERS,5,unmatched,The City of New York Office of The Comptroller,14
COUNTRYWAY INSURANCE,5,unmatched,"Tesla General Insurance, Inc.",12
ELCO ADMINISTRATION SERVICE,5,unmatched,Helmsman Management Services,17
AMERICAN UNITED TRANSPORTATION c/o ABRAMS & FENSTERMAN,5,unmatched,Farmers Direct Property and Casualty Insurance Company,41
GAINSCO INSURANCE COMPANY,5,unmatched,AMCO Insurance Company,4
NY CENTRAL MUTUAL FIRE INS,5,unmatched,A. Central Insurance Company,16
THE STATE INSURANCE FUND,5,unmatched,Star Insurance Company,8
KEMPER INSURANCE CO,5,unmatched,EmPRO Insurance Company,8
CARISK (WC),5,unmatched,"CCMSI, Inc.",7
FARM FAMILY CASUALTY,5,unmatched,"Great Plains Casualty, Inc.",10
SENTRY INS. CO.,5,unmatched,Avis Rent a Car,12
NYC LAW DEPARTMENT,5,unmatched,Law Department,4
AMERICAN INDEPENDENT INSURANCE,5,unmatched,American Pet Insurance Company,16
BERKSHIRE HATHAWAY GUARD,5,unmatched,Berkley Casualty Company,16
Assurant Insurance,5,unmatched,StarStone Insurance SE,10
Intact Insurance,5,unmatched,Generali - U.S. Branch,11
CON EDISON,5,unmatched,Law Department,11
STILL WATER INSURACE,5,unmatched,"Tesla General Insurance, Inc.",10
AMERICAN NATIONAL PROPERTY AND CASUALTY INSURANCE,5,unmatched,Amica Property and Casualty Insurance Company,20
STATE INSURANCE FUND,5,unmatched,Star Insurance Company,8
PROTECTIVE INS,5,unmatched,Sedgwick Claims,12
GENOTEQ CLAIMS INVESTIGATIONS C/O ACCIDENT FUND INSURANCE COMPANY OF AMERICA,5,unmatched,,99
American National United Farm Insurance,5,unmatched,American Sentinel Insurance Company,22
REPUBLIC INSURANCE COMPANY,5,unmatched,Old Republic Insurance Company,4
PERSONAL SERVICE INSURANCE CO,5,unmatched,Public Service Insurance Company,12
UTICA NATIONAL INS CO.,5,unmatched,"Tesla General Insurance, Inc.",15
FALLS LAKE INSURANCE,5,unmatched,"Tesla General Insurance, Inc.",10
BERKSHIRE HATHAWAY ASSURANCE CORPORATON,5,unmatched,Berkshire Hathaway Direct Insurance Company,15
ELEPHANT INSURANCE COMPANY,5,unmatched,Clermont Insurance Company,4
AUTO OWNERS INSURANCE,5,unmatched,"Tesla General Insurance, Inc.",9
UNITRIN SAFEGUARD INSURANCE COMPANY-NAIC-40703,5,unmatched,American Hallmark Insurance Company of Texas,21
ESURANCE INSURANCE COMPANY OF NEW JERSEY,5,unmatched,"Mercer Insurance Company of New Jersey, Inc.",6
TREXIS INSURANCE CORPORATION,4,unmatched,Cim Insurance Corporation,5
AMERIPRISE AUTO & HOME INS. CO.,4,unmatched,Amerisure Insurance Company,19
THE PHOENIX INS. CO.,4,unmatched,Avis Rent a Car,13
GERBER & GERBER INSURANCE CO.,4,unmatched,Crum and Forster Insurance Company,14
"THE AUTOMOBILE INSURANCE COMPANY OF HARTFORD,CT",4,unmatched,National Fire Insurance Company of Hartford,12
GLADES CLAIM MANAGEMENT COMPANY,4,unmatched,Blue Ridge Indemnity Company,16
James River Insurance,4,unmatched,"Tesla General Insurance, Inc.",10
DRIVERS INSURANCE COMPANY,4,unmatched,Bankers Insurance Company,4
TOKIO MARINE INSURANCE COMPANY,4,unmatched,GEICO Marine Insurance Company,4
SUFFOLK COUNTY TRANSIT,4,unmatched,Corvel Corporation,16
MARYLAND AUTOMOBILE INSURANCE FUND,4,unmatched,American Automobile Insurance Company,11
PERMANENT GENERAL ASSURANCE CORPORATION OF OHIO,4,unmatched,Plymouth Rock Assurance Corporation of New York,21
"GALLAGHER BASSETT SERVICES, INC.",4,unmatched,Helmsman Management Services,15
Country Financial Insurance Group,4,unmatched,First Financial Insurance Company,12
PILGRIM INS. CO.,4,unmatched,Avis Rent a Car,12
test11,4,unmatched,"CCMSI, Inc.",6
Home State County Mutual Ins Co.,4,unmatched,"RiverStone International Insurance, Inc.",21
AMERICAN FREEDOM INSURANCE COMPANY,4,unmatched,American Road Insurance Company,5
AMTRUST NORTH AMERICAN,4,unmatched,Amtrust North America (WC),3
CLAIMS SERVICE BUREAU,4,unmatched,"CUMIS Insurance Society, Inc.",14
OCEAN HARBER INS. CO.,4,unmatched,Gallagher Bassett,14
The Littleton Group,4,unmatched,Avis Rent a Car,13
SAFE INSURANCE COMPANY,4,unmatched,AIU Insurance Company,3
HERTZ CLAIM MANAGEMENT CORP,4,unmatched,Helmsman Management Services,15
AMICA INS. CO.,4,unmatched,Avis Rent a Car,10
ALLIANZ INSURANCE COMPANY,4,unmatched,Alamance Insurance Company,4
ASSIGNED RISK MANAGEMENT,4,unmatched,Executive Risk Indemnity Inc.,16
NYC BOARD OF EDUCATION,4,unmatched,Corvel Corporation,15
PERMANENT GENERAL INSURANCE COMPANY,4,unmatched,Patriot General Insurance Company,7
HARLEYSVILLE INSURANCE,4,unmatched,StarStone Insurance SE,12
MAIN STREET AMERICAN GROUP,4,unmatched,Amtrust North America (WC),16
SAFECO INS,4,unmatched,Black Car Fund,10
ZURICH INSURANCE,4,unmatched,Generali - U.S. Branch,12
THE AUTOMOBILE INSURANCE COMPANY OF HARTFORD,4,unmatched,National Fire Insurance Company of Hartford,9
ELRAC LLC,4,unmatched,"CCMSI, Inc.",5
National Liability and fire insurance,4,unmatched,National Union Fire Insurance Company,19
"HAGERTY INSURANCE AGENCY, LLC",4,unmatched,Bantry Insurance Company,10
FARM FAMILY INSURANCE,4,unmatched,"Tesla General Insurance, Inc.",12
AMTRUST INSURANCE NF,3,unmatched,StarStone Insurance SE,9
EMPIRE FIRE & MARINE,3,unmatched,Ironshore Indemnity Inc.,14
SAFEWAY INSURANCE,3,unmatched,Generali - U.S. Branch,11
EMPIRE STATE MUTUAL INSURANCE COMPANY,3,unmatched,Midstate Mutual Insurance Company,5
NEW YORK CITY COMPTROLLER,3,unmatched,GEICO Indemnity Company,17
ST PAULS INSURANCE COMPANY,3,unmatched,Compass Insurance Company,5
THE CITY OF NEW YORK OFFICE COMPTROLLER,3,unmatched,The City of New York Office of The Comptroller,3
ELCO ADMINISTRATIVE SERVICES,3,unmatched,Helmsman Management Services,16
"GERBER AND GERBER, LLP",3,unmatched,Generali - U.S. Branch,14
MAPFRE INSURANCE COMPANY OF NEW YORK,3,unmatched,Erie Insurance Company of New York,5
PALISADES SAFETY AND INSURANCE ASSOCIATION,3,unmatched,Erie and Niagara Insurance Association,17
NORTH CAROLINA FARM BUREAU INS,3,unmatched,Northland Insurance Company,19
CLAIMS SERVICES BUREAU,3,unmatched,"CUMIS Insurance Society, Inc.",15
NYCHA,3,unmatched,"CCMSI, Inc.",5
Farmers Property and Casualty Insurance Company F/K/A Metropolitan Property and Casualty Insurance C,3,unmatched,,99
AIU INSURANCE CO,3,unmatched,"XL Insurance America, Inc.",9
NEW JERSEY MANUFACTURERS INS,3,unmatched,New Jersey Re-Insurance Company,16
ATHENS CLAIMS ADMINISTRATOR (NF),3,unmatched,Encompass Indemnity Company,21
Merchant Mutual Insurance,3,unmatched,"Tesla General Insurance, Inc.",11
PALADIN MANAGED CARE SERVICES INC.,3,unmatched,Helmsman Management Services,12
ZURICH INS CO,3,unmatched,Avis Rent a Car,12
Allied World Specialty Insurance Company C/O Athens Administrators,3,unmatched,American Family Connect Property and Casualty Insurance Company,53
COVENTRY WC SERVICES,3,unmatched,Corvel Corporation,15
LUX CREDIT CONSULTANTS LLC,3,unmatched,Generali - U.S. Branch,16
MERCURY INSURANCE CO,3,unmatched,Mercer Insurance Company,7
Venture General Insurance,3,unmatched,"Tesla General Insurance, Inc.",6
New York Central Fire Insurance Company,3,unmatched,Merrimack Mutual Fire Insurance Company,11
OCEAN HARBOR INSURANCE,3,unmatched,"Tesla General Insurance, Inc.",12
NATIONAL UNION FIRE INSURANCE COMPANY OF PITTSBURG,3,unmatched,"National Interstate Insurance Company of Hawaii, Inc.",17
ACCEPTANCE INS.,3,unmatched,Law Department,11
THE HANOVER INS. CO.,3,unmatched,Hannover Ruck SE,7
SEDEWICK CMS,3,unmatched,Sedgwick Claims,4
PERMANENT GENERAL IN,3,unmatched,"Tesla General Insurance, Inc.",14
AMERICAN STATES PREFERRED INSURANCE COMPANY,3,unmatched,American Southern Home Insurance Company,12
HERTZ CLAIM MANAGEMENT INC,3,unmatched,"Great Plains Casualty, Inc.",16
MERCURY AUTO INSURANCE,3,unmatched,Mercury Casualty Company,12
WORLD INSURANCE COMPANY,3,unmatched,RLI Insurance Company,3
ENCOMPASS,3,unmatched,"CCMSI, Inc.",6
CORVEL,3,unmatched,"CCMSI, Inc.",5
Xceedance Insurance Com,3,unmatched,Alamance Insurance Company,9
The Black Car Fund C/O TechSOURCE National,3,unmatched,ACE Fire Underwriters Insurance Company,27
DAIRYLAND AUTO INSURANCE COMPANY,3,unmatched,American Pet Insurance Company,9
UNIQUE INSURANCE COMPANY,3,unmatched,Union Insurance Company,3
AMICA MUTUAL INS. COM,3,unmatched,GEICO Casualty Company,14
ACE American Insurance Co. c/o ESIS Claims,3,unmatched,Zurich American Insurance Company of Illinois,19
"Rental Claims Services-ELRAC, LLC",3,unmatched,Central Insurance Company,18
"CNY OTHER THAN ED, HED WATER",3,unmatched,CSAA Insurance Exchange,19
Zurich American Insurance,3,unmatched,"Tesla General Insurance, Inc.",12
MAIDSTONE INSURANCE COMPANY,2,unmatched,Greystone Insurance Company,4
Donegal Mutual Insurance Company,2,unmatched,Amica Mutual Insurance Company,6
Brethren Mutual Insurance,2,unmatched,"Tesla General Insurance, Inc.",12
SELECTIVE AUTO INSURANCE CO. OF NJ.,2,unmatched,Selective Way Insurance Company,9
COUNTRY-WIDE INSURANCE Co.,2,unmatched,Countryway Insurance Company,9
"SPARTAKOS, INC",2,unmatched,"CCMSI, Inc.",9
GLOBAL LIBERTY INSURANCE  COMPANY OF NEW YORK,2,unmatched,Great American Insurance Company of New York,11
AUTO INJURY SOLUTIONS,2,unmatched,AMCO Insurance Company,14
IDS PROPERTY AND CASUALTY INSURANCE COMPANY,2,unmatched,ACE Property and Casualty Insurance Company,3
NEW JERSEY SKYLANDS INSURANCE ASSOCIATION,2,unmatched,Erie and Niagara Insurance Association,15
SUFFOLK COUNTY C/O VR MANAGEMENT SERVICES,2,unmatched,Oswego County Mutual Insurance Company,29
AMERIPRISE INSURANCE COMPANY,2,unmatched,Amerisure Insurance Company,4
AUTO ONE INSURANCE COMPANY,2,unmatched,AtHome Insurance Company,4
DRIVER NEW JERSEY INSURANCE COMPANY,2,unmatched,Farmers New Century Insurance Company,10
LIGHTHOUSE CASUALTY COMPANY,2,unmatched,Great West Casualty Company,8
LIBERTY INSURANCE,2,unmatched,Generali - U.S. Branch,11
NYC LAW DEPT,2,unmatched,Black Car Fund,10
NY CENTRAL MUTUAL FIRE INSURANCE,2,unmatched,Otsego Mutual Fire Insurance Company,17
MK-HAGERTY PIP-UNDERWRITTEN BY ESSENTIA,2,unmatched,Greater Midwestern Indemnity Company,28
James River Insurance Company,2,unmatched,Oak River Insurance Company,4
ELCO ADMINISTRATIVE SVCS,2,unmatched,AMCO Insurance Company,17
DAIRYLAND/SENTRY INSURANCE,2,unmatched,"Tesla General Insurance, Inc.",11
RENTAL INSURANCE SERVICES,2,unmatched,Central Insurance Company,10
AIG,2,unmatched,"CCMSI, Inc.",5
COLUMBUS TRANSIT LLC,2,unmatched,MTA Bus Company,12
METLIFE AUTO & HOME,2,unmatched,Dealers Assurance Company,16
ASSIGNED RISK PLAN,2,unmatched,Sedgwick Claims,12
General Insurance,2,unmatched,Generali - U.S. Branch,6
AMERICAN HALLMARK INSURANCE COMPANY,2,unmatched,American Builders Insurance Company,6
Empower Insurance,2,unmatched,Generali - U.S. Branch,12
AGENCY INSURANCE COMPANY,2,unmatched,AVEMCO Insurance Company,3
GREYHOUND LINES,2,unmatched,Sedgwick Claims,12
HIROAD INSURNACE,2,unmatched,Hannover Ruck SE,13
NY CENTRAL MUTUAL,2,unmatched,Avis Rent a Car,12
NEW YORK CITY OFFICE OF CONTROLLER,2,unmatched,The City of New York Office of The Comptroller,15
HARTFORD PROPERTY AND CASUALTY INSURANCE COMPANY,2,unmatched,Farmers Property and Casualty Insurance Company,5
SAFETY INSURANCE GROUP,2,unmatched,Bantry Insurance Company,10
ELCO ADMINISTRATIVE INSURANCE,2,unmatched,"Atradius Trade Credit Insurance, Inc.",17
CHUBB INS GROUP,2,unmatched,Avis Rent a Car,13
AMERICAN MERCURY INSURANCE COMPANY,2,unmatched,American Security Insurance Company,4
PV HOLDINGS CORPORATION,2,unmatched,LM Insurance Corporation,10
ZURICH NORTH AMERICA,2,unmatched,Amtrust North America (WC),9
METRO MILE INSURANCE,2,unmatched,"Tesla General Insurance, Inc.",10
SAFEGUARD INSURANCE COMPANY,2,unmatched,AmGUARD Insurance Company,3
New South Insurance Company D/B/A Gmac Insurance Company,2,unmatched,First American Property & Casualty Insurance Company,31
Unknown Or No Insurance,2,unmatched,"Tesla General Insurance, Inc.",13
INDEMNITY INS OF NORTH AMERICA,2,unmatched,Insurance Company of North America,13
EMPIRE BLUE CROSS BLUE SHEILD,2,unmatched,Clear Blue Insurance Company,20
BRISTOL WEST INSURANCE GROUP,2,unmatched,ASI Select Insurance Corp.,11
EMPIRE FIRE AND MARINE INSURANCE COMPANY C/O Gallagher Bassett,2,unmatched,Swiss Re Corporate Solutions America Insurance Corporation,48
ENTERPRISE RENTAL CAR,2,unmatched,Generali - U.S. Branch,14
THE GENERAL INSURANCE CO.,2,unmatched,"Seneca Insurance Company, Inc.",8
NJ Transit Bus Claims,2,unmatched,NYC Transit Authority,10
TLC Insurance,2,unmatched,Black Car Fund,11
CLAIM SERVICE BUREAU,2,unmatched,"XL Insurance America, Inc.",13
RCS CLAIMS,2,unmatched,Black Car Fund,11
ONEBEACON INSURANCE GROUP,2,unmatched,ASI Select Insurance Corp.,12
DCAP NY AUTOMOBILE INS. CO.,2,unmatched,Colony Insurance Company,20
SAFECO AUTO INSURANCE COMPANY,2,unmatched,Argonaut Insurance Company,6
HARLEYSVILLE INSURANCE COMPANY OF NEW JERSEY,2,unmatched,Harleysville Insurance Company of New York,5
SAFECO INS CO OF INDIANA,2,unmatched,AMCO Insurance Company,14
CHUBB INSURANCE,2,unmatched,Avis Rent a Car,13
NEW SOUTH INS,2,unmatched,Law Department,11
CONTINENTAL INDEMNITY CO,2,unmatched,Cincinnati Indemnity Company,11
NYC OFFICE OF CONTROLLERS,2,unmatched,NYC Transit Authority,18
NYPD,2,unmatched,"CCMSI, Inc.",5
MOBILITAS INSURANCE COMPANY,2,unmatched,"Hospitals Insurance Company, Inc.",5
STRALA INSURANCE,2,unmatched,Generali - U.S. Branch,10
AMERICAN SERVICE INSURANCE COMPANY,1,unmatched,American Empire Insurance Company,4
GRANGE INSURANCE COMPANY,1,unmatched,Gray Insurance Company,3
HERTZ CLAIMS,1,unmatched,Sedgwick Claims,7
NJ Manufacturers,1,unmatched,Law Department,13
Zion Taxi Inc,1,unmatched,"CCMSI, Inc.",8
HARVARD CAB CORP,1,unmatched,Black Car Fund,11
ROMAN SERVICE CORP.,1,unmatched,ARI Insurance Company,12
"BETTY TRANSIT, LLC",1,unmatched,Black Car Fund,11
AUTOMOBILE INSURANCE COMPANY OF HARTFORD,1,unmatched,National Fire Insurance Company of Hartford,9
MAYA ASSURANCE CO,1,unmatched,AIU Insurance Company,10
DOLLAR RENT A CAR,1,unmatched,Avis Rent a Car,6
INTERBORO INSURANCE CO,1,unmatched,StarStone Insurance SE,9
Janet Transit Inc,1,unmatched,Law Department,11
FIRST GROUP INSURANCE,1,unmatched,StarStone Insurance SE,11
NO FAULT SERVICE CORP,1,unmatched,ASI Select Insurance Corp.,13
GROVE TAXI LLC,1,unmatched,Black Car Fund,12
COOL RISK MANAGMENT SERVICES,1,unmatched,Helmsman Management Services,9
CRINKLE CAB CORP,1,unmatched,Avis Rent a Car,11
"ANN TAXI, INC.",1,unmatched,"CCMSI, Inc.",7
MASSACHUSETTS HOMELAND INSURANCE COMPANY,1,unmatched,Manufacturers Alliance Insurance Company,14
CELK SERVICE CORP.,1,unmatched,Avis Rent a Car,12
CLAIMS SERVICE BUREAU OF NEW YORK INC.,1,unmatched,"XL Insurance Company of New York, Inc.",14
KADEREE M & G CORP.,1,unmatched,"Tokio Marine GRV Re, Inc.",15
GIAKAMARE LLC,1,unmatched,"CCMSI, Inc.",8
KOLOTRIPIDES LLC,1,unmatched,Hannover Ruck SE,13
CRAWFORD AND COMPANY,1,unmatched,ARI Insurance Company,10
GAROUTSOS CAB CORP.,1,unmatched,Avis Rent a Car,13
Knightbrook Insurance Company c/o Knight Management Insurance Services,1,unmatched,,99
PARK INSURANCE CLAIMS SERVICES,1,unmatched,AXA XL Insurance Company Americas,15
ALBEE TAXI CORPORATION,1,unmatched,Corvel Corporation,9
"BECRUX SERVICE, LLC",1,unmatched,Black Car Fund,12
CHARTIS C/O YORK RISK SERVICES GROUP,1,unmatched,Charter Oak Fire Insurance Company,22
METLIFE INSURANCE CO,1,unmatched,Erie Insurance Company,9
PEERLESS INSURANCE,1,unmatched,Generali - U.S. Branch,11
CORLIFE,1,unmatched,"CCMSI, Inc.",5
GLOBE INDEMNITY COMPANY,1,unmatched,GEICO Indemnity Company,4
WESCO INS C/O GAB ROBINS,1,unmatched,WESCO Insurance Company,13
AMERICAN MODERN INSURANCE GROUP,1,unmatched,American Southern Insurance Company,10
HERTZ CLAIM MANAGEMENT CORPORATION. D/B/A HERTZ RENT A CAR AND HERTZ CORPORATION,1,unmatched,Pennsylvania Manufacturers Association Insurance Company TPA PMA Management Group,58
METLIFE AUTO AND HOME INSURANCE COMPANY,1,unmatched,Unitrin Auto and Home Insurance Company,6
R M P G INS CO.,1,unmatched,Avis Rent a Car,13
ONE BEACON INSURANCE CO.,1,unmatched,ASI Select Insurance Corp.,10
EQUALITY INSURANCE COMPANY,1,unmatched,Cerity Insurance Company,5
CHAPEL INSURANCE SERVICE,1,unmatched,"XL Insurance America, Inc.",9
TRISTAR RISK MANAGEMENT,1,unmatched,Executive Risk Indemnity Inc.,15
NEW YORK LAW DEPT,1,unmatched,Law Department,12
PRESERVER INSURANCE COMPANY,1,unmatched,Mercer Insurance Company,5
XL Insurance America C/O Gallagher Bassett Services,1,unmatched,Main Street America Protection Insurance Company,36
Allied Interstate LLC,1,unmatched,Avis Rent a Car,12
Professional Claims Bureau,1,unmatched,Cronus Insurance Company,19
"Credit Control Services, Inc.d/b/a Credit Collection Services (â??CCSâ?)",1,unmatched,Otsego County Patrons Co-operative Fire Relief Association,48
BROADSPIRE SERVICES,1,unmatched,Ironshore Indemnity Inc.,13
BGW II TAXI LLC,1,unmatched,Black Car Fund,11
NY CENTRAL MUTUAL INSURANCE CO,1,unmatched,Amica Mutual Insurance Company,13
21ST CENTURY AUTO INSURANCE,1,unmatched,21st Century Casualty Company,12
COUNTRY-WIDE INSURANCE,1,unmatched,StarStone Insurance SE,13
HALLMARK INSURANCE COMPANY C/O SEDGWICK,1,unmatched,Allied Insurance Company of America,14
ACA INSURANCE CO,1,unmatched,"XL Insurance America, Inc.",9
NATIONAL CONTINENTA,1,unmatched,Avis Rent a Car,14
AMERICAN MODERN INSURANCE COMPANY,1,unmatched,American Southern Insurance Company,4
ALLMERICA FINANCIAL ALLIANCE COMPANY,1,unmatched,First Financial Insurance Company,13
NGM,1,unmatched,"CCMSI, Inc.",4
HUDSON INS CO,1,unmatched,Avis Rent a Car,12
MERCURY INDEMNITY,1,unmatched,Ironshore Indemnity Inc.,8
UNITED SERVICE AUTOMOBILE,1,unmatched,Union Insurance Company,16
ALLIED INSURANCE COMPANY,1,unmatched,ACIG Insurance Company,4
CENTRAL MUTUAL FIRE INSURANCE COMPANY,1,unmatched,Liberty Mutual Fire Insurance Company,6
SPEEDWAY RENTALS INC,1,unmatched,Law Department,12
COUNTRY WAY,1,unmatched,Avis Rent a Car,11
CoAction Specialty Insurance Group,1,unmatched,Catlin Specialty Insurance Company,10
ACCESS INS. CO.,1,unmatched,Avis Rent a Car,11
WALMART ASSOCIATES,1,unmatched,Gallagher Bassett,13
Test_Insurer 01,1,unmatched,Law Department,13
Berkshire Hathaway Specialty Insurance,1,unmatched,"RiverStone International Insurance, Inc.",21
AFFINITY INSURANCE,1,unmatched,StarStone Insurance SE,12
HERTZ CLAIMS MANAGEMENT,1,unmatched,"Great Plains Casualty, Inc.",15
TREXIS INSURANCE,1,unmatched,Avis Rent a Car,12
GUARD INSURANCE GROUP,1,unmatched,AmGUARD Insurance Company,8
AIG CASUALTY COMPANY,1,unmatched,GEICO Casualty Company,4
SAFECO CLAIMS,1,unmatched,Sedgwick Claims,6
MARLOU CAB CORP,1,unmatched,Black Car Fund,11
COMPTROLLER INSURANCE,1,unmatched,"Tesla General Insurance, Inc.",11
SELECTIVE INSURANCE  COMPANY,1,unmatched,Select Insurance Company,3
Redpoint Insurance Group,1,unmatched,CorePointe Insurance Company,10
ALLIANCE NATIONAL INSURANCE COMPANY,1,unmatched,BITCO National Insurance Company,6
ZURICH INS CO.,1,unmatched,Avis Rent a Car,12
CLEARE COVER INSURANCE,1,unmatched,"Tesla General Insurance, Inc.",10
Mitchell Internation,1,unmatched,Corvel Corporation,12
SiriusPoint America Ins Com,1,unmatched,Amtrust North America (WC),16
PDP GROUP,1,unmatched,"CCMSI, Inc.",9
UNITED CLAIMS SERVICES,1,unmatched,Generali - U.S. Branch,16
GENERAL ASSURANCE COMPANY,1,unmatched,Central Insurance Company,4
NJ MANUFACTURERS INSURANCE CO,1,unmatched,Navigators Insurance Company,15
VISION RISK,1,unmatched,Avis Rent a Car,10
ARBELLE INS. CO.,1,unmatched,Avis Rent a Car,11
AU-IND-GuideOne Mutual - 11,1,unmatched,AIU Insurance Company,17
MVP HEALTH PLAN CORP OFFICE,1,unmatched,National Surety Corporation,19
NATIONAL CASUALTY INSURANCE COMPANY,1,unmatched,National Specialty Insurance Company,5
MAGGIES PARATRANSIT CORP C/O CLAIM SEVICE BUREAU OF NY INC,1,unmatched,"Housing Authority Property Insurance, A Mutual Company",40
UTICA INTERNATIONAL INSURANCE GROUP,1,unmatched,"State National Insurance Company, Inc.",13
UNITED FINANTIAL CASUALTY INSURANCE COMPANY,1,unmatched,United Frontier Mutual Insurance Company,10
"LUX CREDIT CONSULTANTS, LLC",1,unmatched,Generali - U.S. Branch,16
NY STATE MUNICIPAL WC ALLIANCE,1,unmatched,Bay State Insurance Company,18
"WASHINGTON INTERNATIONAL INSURANCE COMPANY, C/O GE",1,unmatched,Markel International Insurance Company Limited,15
Duzz Cab Corp,1,unmatched,Black Car Fund,10
Greenwich Insurance Company c/o Constitution State Services,1,unmatched,Pennsylvania Manufacturers' Association Insurance Company,46
SAFECO INS CO OF ILLINOIS,1,unmatched,AMCO Insurance Company,17
MERCHANTS INSURANCE COMPANY OF NEW HAMPSHIRE INC,1,unmatched,Indemnity Insurance Company of North America,17
VOYAGER INS COMPANY,1,unmatched,MTA Bus Company,8
American Zurich Insurance Company c/o Sedgwick Claims Mgmt. Services,1,unmatched,American Family Connect Property and Casualty Insurance Company,48
ESURANCE INSURANCE CO,1,unmatched,StarStone Insurance SE,9
NEW SOUTH INS. CO.,1,unmatched,Avis Rent a Car,13
AVIS BUDGET RENT A CAR,1,unmatched,ASI Select Insurance Corp.,17
NYCTA C\O CORVEL CORPORATION,1,unmatched,National Surety Corporation,12
General Assurance  Insurance Company,1,unmatched,Infinity Assurance Insurance Company,8
SENTINEL INSURANCE COMPANY,1,unmatched,Central Insurance Company,4
Lien,1,unmatched,"CCMSI, Inc.",5
WellCare,1,unmatched,"CCMSI, Inc.",7
HERTZ CLAIM MANAGEMENT,1,unmatched,"Great Plains Casualty, Inc.",16
ATHENS INSURANCE,1,unmatched,Avis Rent a Car,12
MEMIC INDEMNITY COMPANY,1,unmatched,GEICO Indemnity Company,3
Bus Risk Retention Risk Group,1,unmatched,ASI Select Insurance Corp.,20
"NORTHWELL HEALTH INC.,",1,unmatched,Sedgwick Claims,13
NEW YORK CITY LAW DEPARTMENT,1,unmatched,New York City Transit Authority,13
PRISM CONSULTANTS,1,unmatched,Avis Rent a Car,13
PILGRIM INSURANCE COMPANY,1,unmatched,ARI Insurance Company,5
GALLAGNER BASSETT SERVICES INS.,1,unmatched,Helmsman Management Services,18
UTICA MUTUAL INSURANCE,1,unmatched,"Tesla General Insurance, Inc.",9
AVIS BUDGET CLAIMS,1,unmatched,Avis Rent a Car,10
FIDELIS CARE INSURANCE,1,unmatched,"Tesla General Insurance, Inc.",12
KEMPER CLAIMS DEPARTMENT,1,unmatched,"Great Plains Casualty, Inc.",17
Old Republic Insurance Group C/O Pennsylvania Manufacturers Association,1,unmatched,,99
GREAT AMERICAN INSURANCE,1,unmatched,"Tesla General Insurance, Inc.",11
KEMPER INS CO,1,unmatched,Avis Rent a Car,12
HEALTH FIRST,1,unmatched,Black Car Fund,12
PREMIER PRIZM SOLUTIONS,1,unmatched,Amica c/o Prizm [Electronic],16
MARYLAND AUTOMOBILE INSURANCE COMPANY,1,unmatched,American Automobile Insurance Company,5
DEPT. OF LABOR,1,unmatched,Sedgwick Claims,11
Northbridge Financial Corporation,1,unmatched,Westport Insurance Corporation,16
FARMERS NEW CENTURY Ins. Co.,1,unmatched,"Farmers Insurance Hawaii, Inc.",16
THE HARTFORD INSURANCE GROUP,1,unmatched,Hartford Insurance Company,6
CURE INSURANCE - NF,1,unmatched,ARI Insurance Company,9
NYC CONTROLLERS,1,unmatched,Avis Rent a Car,12
TRISURA,1,unmatched,"CCMSI, Inc.",6
STATE WIDE INSURANCE COMPANY,1,unmatched,Country-Wide Insurance Company,6
FRIEDLANDER GROUP (WC),1,unmatched,ARI Insurance Company,15
ANTHEM,1,unmatched,"CCMSI, Inc.",6
NIPPON LIFE INS COMP,1,unmatched,Ironshore Indemnity Inc.,14
PRO-RISK SOLUTIONS,1,unmatched,Sedgwick Claims,12
COAST NATIONAL INS. CO.,1,unmatched,"Tokio Marine GRV Re, Inc.",14
SANITATION MEDICAL DIVISION,1,unmatched,Citation Insurance Company,18
Test Company,1,unmatched,MTA Bus Company,6
GARRISON PROPERTY & CASUALTY INSURANCE CO.,1,unmatched,ALPS Property & Casualty Insurance Company,11
Manufacturers Alliance Insurance Co,1,unmatched,Eastern Alliance Insurance Company,14
NATIONAL FIRE INSURANCE COMPANY,1,unmatched,Hartford Fire Insurance Company,6
